prov_name,year,q10_dynasty_share,q50_dynasty_share,q90_dynasty_share,horizon
Abra,2023,34.54368209838867,37.15330123901367,39.86391067504883,2028
Abra,2024,34.97565460205078,37.82733154296875,41.48554229736328,2028
Abra,2025,34.91392135620117,38.10433578491211,42.81714630126953,2028
Abra,2026,34.99742126464844,38.371856689453125,43.762821197509766,2028
Abra,2027,35.18360900878906,38.66542434692383,44.452232360839844,2028
Abra,2028,35.38301467895508,38.94108200073242,44.96583557128906,2028
Agusan Del Norte,2023,20.014583587646484,22.296615600585938,25.10161590576172,2028
Agusan Del Norte,2024,20.047327041625977,22.369403839111328,25.35173797607422,2028
Agusan Del Norte,2025,19.672882080078125,22.140335083007812,25.640167236328125,2028
Agusan Del Norte,2026,19.1917667388916,21.766456604003906,25.835369110107422,2028
Agusan Del Norte,2027,18.97115135192871,21.57638168334961,25.911869049072266,2028
Agusan Del Norte,2028,18.94268798828125,21.549671173095703,25.949710845947266,2028
Agusan Del Sur,2023,22.142807006835938,23.603870391845703,25.683204650878906,2028
Agusan Del Sur,2024,22.5449161529541,24.379507064819336,27.462650299072266,2028
Agusan Del Sur,2025,22.810550689697266,25.231769561767578,29.757179260253906,2028
Agusan Del Sur,2026,23.133207321166992,26.095487594604492,31.735668182373047,2028
Agusan Del Sur,2027,23.44341278076172,26.738994598388672,32.98615646362305,2028
Agusan Del Sur,2028,23.67539405822754,27.16202163696289,33.7137336730957,2028
Aklan,2023,31.70846939086914,34.38251876831055,36.930965423583984,2028
Aklan,2024,31.646862030029297,34.587284088134766,37.82849884033203,2028
Aklan,2025,31.714313507080078,34.960384368896484,39.06451416015625,2028
Aklan,2026,32.05758285522461,35.58295440673828,40.487998962402344,2028
Aklan,2027,32.5231819152832,36.260284423828125,41.819278717041016,2028
Aklan,2028,32.984779357910156,36.86830520629883,42.93760299682617,2028
Albay,2023,22.48002815246582,26.501733779907227,32.44325256347656,2028
Albay,2024,22.5416259765625,27.46662139892578,34.98289489746094,2028
Albay,2025,22.044374465942383,27.499881744384766,36.32597732543945,2028
Albay,2026,21.901222229003906,27.491405487060547,36.907684326171875,2028
Albay,2027,22.000850677490234,27.582082748413086,37.188201904296875,2028
Albay,2028,22.16207504272461,27.703479766845703,37.33458709716797,2028
Antique,2023,26.9116268157959,28.290586471557617,29.582225799560547,2028
Antique,2024,26.94936752319336,28.422189712524414,29.88874626159668,2028
Antique,2025,27.042404174804688,28.690387725830078,30.49021339416504,2028
Antique,2026,27.206777572631836,29.069252014160156,31.356239318847656,2028
Antique,2027,27.454565048217773,29.541751861572266,32.381187438964844,2028
Antique,2028,27.749364852905273,30.036827087402344,33.390533447265625,2028
Apayao,2023,25.724628448486328,28.70520782470703,31.195148468017578,2028
Apayao,2024,25.458248138427734,28.549209594726562,31.39213752746582,2028
Apayao,2025,25.45473289489746,28.852176666259766,32.296897888183594,2028
Apayao,2026,25.665992736816406,29.43511962890625,33.773921966552734,2028
Apayao,2027,26.08403205871582,30.235797882080078,35.585880279541016,2028
Apayao,2028,26.607295989990234,31.0926513671875,37.34522247314453,2028
Aurora,2023,28.694047927856445,38.199623107910156,51.16347885131836,2028
Aurora,2024,28.930675506591797,38.67388153076172,52.59638977050781,2028
Aurora,2025,28.35483169555664,38.40003204345703,53.94480895996094,2028
Aurora,2026,28.363479614257812,38.54056167602539,55.12086486816406,2028
Aurora,2027,28.71457290649414,38.936973571777344,56.015220642089844,2028
Aurora,2028,29.141328811645508,39.368568420410156,56.64331817626953,2028
Basilan,2023,22.048519134521484,28.7401123046875,33.108985900878906,2028
Basilan,2024,20.304197311401367,26.820018768310547,31.555877685546875,2028
Basilan,2025,19.9672794342041,26.667808532714844,32.23175811767578,2028
Basilan,2026,20.29798698425293,27.436555862426758,34.34560012817383,2028
Basilan,2027,20.998018264770508,28.619121551513672,37.044219970703125,2028
Basilan,2028,21.940425872802734,29.970008850097656,39.75128173828125,2028
Bataan,2023,29.51885414123535,32.62379837036133,35.346317291259766,2028
Bataan,2024,29.34916114807129,32.7869873046875,36.44004440307617,2028
Bataan,2025,29.011634826660156,32.871620178222656,37.74509048461914,2028
Bataan,2026,29.0595760345459,33.30934143066406,39.30356216430664,2028
Bataan,2027,29.342599868774414,33.87794876098633,40.740081787109375,2028
Bataan,2028,29.68783950805664,34.4197883605957,41.908382415771484,2028
Batanes,2023,27.084861755371094,29.903547286987305,32.331031799316406,2028
Batanes,2024,26.919124603271484,29.967151641845703,32.96641159057617,2028
Batanes,2025,26.89493179321289,30.297882080078125,34.19301986694336,2028
Batanes,2026,27.14150047302246,30.942951202392578,35.916542053222656,2028
Batanes,2027,27.55247688293457,31.707611083984375,37.6889762878418,2028
Batanes,2028,28.000476837158203,32.41450500488281,39.18924331665039,2028
Batangas,2023,34.42258071899414,37.01689529418945,39.92997741699219,2028
Batangas,2024,34.28392028808594,37.27035903930664,40.90082550048828,2028
Batangas,2025,34.706356048583984,38.19459533691406,42.78875732421875,2028
Batangas,2026,35.81344985961914,39.82988739013672,45.61241149902344,2028
Batangas,2027,37.545654296875,41.97999572753906,49.05482482910156,2028
Batangas,2028,39.40857696533203,44.07060241699219,52.22176742553711,2028
Benguet,2023,3.7234537601470947,5.3962788581848145,7.480178356170654,2028
Benguet,2024,3.558232069015503,5.247633934020996,7.563092231750488,2028
Benguet,2025,3.450019359588623,5.254400730133057,7.922397613525391,2028
Benguet,2026,3.446960687637329,5.469381809234619,8.665505409240723,2028
Benguet,2027,3.5883920192718506,5.887739658355713,9.713367462158203,2028
Benguet,2028,3.8370354175567627,6.40397310256958,10.80289363861084,2028
Biliran,2023,17.82594871520996,20.661855697631836,24.93698501586914,2028
Biliran,2024,17.62783432006836,20.64383316040039,25.48310089111328,2028
Biliran,2025,17.857845306396484,21.18145179748535,26.698335647583008,2028
Biliran,2026,18.509592056274414,22.187795639038086,28.48841667175293,2028
Biliran,2027,19.35232162475586,23.3488826751709,30.353981018066406,2028
Biliran,2028,20.161094665527344,24.41345977783203,31.96920394897461,2028
Bohol,2023,29.917259216308594,30.690399169921875,31.654653549194336,2028
Bohol,2024,29.908536911010742,30.675142288208008,31.66175651550293,2028
Bohol,2025,29.928068161010742,30.731149673461914,31.7956600189209,2028
Bohol,2026,29.979480743408203,30.85140609741211,32.055789947509766,2028
Bohol,2027,30.06296157836914,31.01640510559082,32.40150451660156,2028
Bohol,2028,30.163558959960938,31.187692642211914,32.74454116821289,2028
Bukidnon,2023,19.693206787109375,22.758474349975586,26.887920379638672,2028
Bukidnon,2024,19.550037384033203,23.07634925842285,28.569339752197266,2028
Bukidnon,2025,19.638961791992188,23.88791275024414,31.08188247680664,2028
Bukidnon,2026,20.051427841186523,25.00164031982422,33.670265197753906,2028
Bukidnon,2027,20.610836029052734,26.07721710205078,35.80400085449219,2028
Bukidnon,2028,21.157577514648438,26.938888549804688,37.33428192138672,2028
Bulacan,2023,41.2765007019043,43.19552993774414,45.42512893676758,2028
Bulacan,2024,41.099517822265625,43.33341598510742,46.15629577636719,2028
Bulacan,2025,41.33201599121094,44.04969787597656,47.712711334228516,2028
Bulacan,2026,42.178096771240234,45.54764938354492,50.39277648925781,2028
Bulacan,2027,43.92796325683594,47.87618637084961,54.07781982421875,2028
Bulacan,2028,45.85911560058594,49.92656707763672,56.862709045410156,2028
Cagayan,2023,28.713979721069336,30.637075424194336,32.529212951660156,2028
Cagayan,2024,28.394872665405273,30.404367446899414,32.647491455078125,2028
Cagayan,2025,28.201250076293945,30.42477798461914,33.312931060791016,2028
Cagayan,2026,28.2805118560791,30.79119110107422,34.5291633605957,2028
Cagayan,2027,28.51466178894043,31.308488845825195,35.8841552734375,2028
Cagayan,2028,28.808401107788086,31.83189582824707,37.090694427490234,2028
Camarines Norte,2023,20.671178817749023,22.858022689819336,25.90715789794922,2028
Camarines Norte,2024,20.31068229675293,22.692237854003906,26.308435440063477,2028
Camarines Norte,2025,20.342559814453125,23.14854621887207,27.714717864990234,2028
Camarines Norte,2026,20.629150390625,23.918537139892578,29.567596435546875,2028
Camarines Norte,2027,21.03368377685547,24.746810913085938,31.335914611816406,2028
Camarines Norte,2028,21.444002151489258,25.45562744140625,32.727943420410156,2028
Camarines Sur,2023,17.312374114990234,18.814863204956055,21.30883026123047,2028
Camarines Sur,2024,16.958049774169922,18.466487884521484,21.31433868408203,2028
Camarines Sur,2025,16.9522705078125,18.575510025024414,21.86595916748047,2028
Camarines Sur,2026,17.244260787963867,19.045164108276367,22.8472900390625,2028
Camarines Sur,2027,17.656648635864258,19.633420944213867,23.894668579101562,2028
Camarines Sur,2028,18.066890716552734,20.192041397094727,24.815433502197266,2028
Camiguin,2023,18.602563858032227,20.38153648376465,22.69042205810547,2028
Camiguin,2024,18.727127075195312,21.00786018371582,24.34456443786621,2028
Camiguin,2025,18.89373779296875,21.7888240814209,26.389698028564453,2028
Camiguin,2026,19.200550079345703,22.716096878051758,28.549991607666016,2028
Camiguin,2027,19.548513412475586,23.51500701904297,30.238719940185547,2028
Camiguin,2028,19.857210159301758,24.087051391601562,31.3603458404541,2028
Capiz,2023,21.0323486328125,23.796627044677734,26.28799057006836,2028
Capiz,2024,20.642070770263672,23.551937103271484,26.572826385498047,2028
Capiz,2025,20.640623092651367,23.843515396118164,27.60553741455078,2028
Capiz,2026,20.890460968017578,24.409408569335938,28.989999771118164,2028
Capiz,2027,21.280330657958984,25.082622528076172,30.42578887939453,2028
Capiz,2028,21.706212997436523,25.727642059326172,31.705745697021484,2028
Catanduanes,2023,34.132659912109375,37.492557525634766,40.24134826660156,2028
Catanduanes,2024,33.73477554321289,37.302490234375,40.80432891845703,2028
Catanduanes,2025,33.51844787597656,37.41749572753906,41.9173583984375,2028
Catanduanes,2026,33.71403503417969,37.974403381347656,43.47456359863281,2028
Catanduanes,2027,34.1286506652832,38.68402862548828,45.020729064941406,2028
Catanduanes,2028,34.60400390625,39.366424560546875,46.35002136230469,2028
Cavite,2023,36.36208724975586,39.552223205566406,42.31119918823242,2028
Cavite,2024,36.14611053466797,39.59306716918945,43.145286560058594,2028
Cavite,2025,36.19333267211914,39.97880935668945,44.51421356201172,2028
Cavite,2026,36.563270568847656,40.6624755859375,46.135948181152344,2028
Cavite,2027,37.086212158203125,41.425880432128906,47.692264556884766,2028
Cavite,2028,37.62092971801758,42.12824630737305,49.02411651611328,2028
Cebu,2023,32.642539978027344,35.958255767822266,39.187686920166016,2028
Cebu,2024,32.52867126464844,36.15174865722656,40.077056884765625,2028
Cebu,2025,32.80979919433594,36.7789306640625,41.53649139404297,2028
Cebu,2026,33.37135314941406,37.657501220703125,43.303768157958984,2028
Cebu,2027,34.04505920410156,38.59005355834961,45.05116271972656,2028
Cebu,2028,34.67850112915039,39.41301345825195,46.545928955078125,2028
Davao De Oro,2023,22.640422821044922,28.369251251220703,35.65154266357422,2028
Davao De Oro,2024,23.492374420166016,29.521892547607422,37.44035720825195,2028
Davao De Oro,2025,23.18933868408203,29.695261001586914,38.67466735839844,2028
Davao De Oro,2026,21.84783935546875,28.933868408203125,39.70536804199219,2028
Davao De Oro,2027,20.408960342407227,27.842437744140625,40.2332649230957,2028
Davao De Oro,2028,19.703609466552734,27.235538482666016,40.383026123046875,2028
Davao Del Norte,2023,15.089205741882324,17.818418502807617,20.673015594482422,2028
Davao Del Norte,2024,15.071928977966309,17.964336395263672,21.296340942382812,2028
Davao Del Norte,2025,15.266247749328613,18.473115921020508,22.567394256591797,2028
Davao Del Norte,2026,15.691516876220703,19.269256591796875,24.29358673095703,2028
Davao Del Norte,2027,16.262683868408203,20.176734924316406,26.084854125976562,2028
Davao Del Norte,2028,16.851472854614258,21.021770477294922,27.66090202331543,2028
Davao Del Sur,2023,21.96023178100586,23.9974365234375,26.08660125732422,2028
Davao Del Sur,2024,22.591644287109375,25.09606170654297,28.229900360107422,2028
Davao Del Sur,2025,22.705852508544922,25.6138973236084,30.02046775817871,2028
Davao Del Sur,2026,23.034748077392578,26.391563415527344,32.02280807495117,2028
Davao Del Sur,2027,23.445114135742188,27.180219650268555,33.73744201660156,2028
Davao Del Sur,2028,23.812774658203125,27.797534942626953,34.93397521972656,2028
Davao Occidental,2023,24.233007431030273,27.466808319091797,31.676149368286133,2028
Davao Occidental,2024,24.33010482788086,27.583341598510742,31.654541015625,2028
Davao Occidental,2025,24.255102157592773,27.587749481201172,31.673934936523438,2028
Davao Occidental,2026,24.142990112304688,27.544443130493164,31.719356536865234,2028
Davao Occidental,2027,23.92281723022461,27.40605926513672,31.824810028076172,2028
Davao Occidental,2028,23.457422256469727,27.04326629638672,31.998653411865234,2028
Davao Oriental,2023,21.25113296508789,24.40302276611328,26.944164276123047,2028
Davao Oriental,2024,21.08646011352539,24.4251708984375,27.550251007080078,2028
Davao Oriental,2025,21.17148208618164,24.843421936035156,28.827346801757812,2028
Davao Oriental,2026,21.5042667388916,25.55982780456543,30.557052612304688,2028
Davao Oriental,2027,22.007522583007812,26.412906646728516,32.37641143798828,2028
Davao Oriental,2028,22.565956115722656,27.241430282592773,34.01148223876953,2028
Dinagat Islands,2023,17.66875457763672,23.470117568969727,29.963560104370117,2028
Dinagat Islands,2024,17.3509521484375,23.2101993560791,30.187410354614258,2028
Dinagat Islands,2025,17.265331268310547,23.374914169311523,30.97294807434082,2028
Dinagat Islands,2026,17.43124771118164,24.010005950927734,32.55989456176758,2028
Dinagat Islands,2027,17.885787963867188,25.05237579345703,34.77471160888672,2028
Dinagat Islands,2028,18.533035278320312,26.25630760192871,37.06212615966797,2028
Eastern Samar,2023,32.17620849609375,35.41802978515625,37.72386932373047,2028
Eastern Samar,2024,32.24223709106445,35.71541976928711,38.47307586669922,2028
Eastern Samar,2025,32.360435485839844,36.17561340332031,39.60954284667969,2028
Eastern Samar,2026,32.64663314819336,36.877140045166016,41.294864654541016,2028
Eastern Samar,2027,33.11137771606445,37.758819580078125,43.31509780883789,2028
Eastern Samar,2028,33.679473876953125,38.67958450317383,45.30699157714844,2028
Guimaras,2023,28.107662200927734,31.38446044921875,34.06585693359375,2028
Guimaras,2024,27.671993255615234,31.04393196105957,34.12067794799805,2028
Guimaras,2025,27.52379608154297,31.213045120239258,34.97578811645508,2028
Guimaras,2026,27.67007827758789,31.763437271118164,36.52617645263672,2028
Guimaras,2027,28.05599594116211,32.56143569946289,38.41783905029297,2028
Guimaras,2028,28.5574951171875,33.412620544433594,40.209747314453125,2028
Ifugao,2023,13.627931594848633,15.102945327758789,17.251243591308594,2028
Ifugao,2024,13.6005277633667,15.184486389160156,17.629152297973633,2028
Ifugao,2025,13.757039070129395,15.537879943847656,18.481550216674805,2028
Ifugao,2026,14.112814903259277,16.147111892700195,19.79327392578125,2028
Ifugao,2027,14.633724212646484,16.954492568969727,21.42086410522461,2028
Ifugao,2028,15.20109748840332,17.803844451904297,23.072790145874023,2028
Ilocos Norte,2023,33.99872589111328,37.399742126464844,41.157081604003906,2028
Ilocos Norte,2024,33.674095153808594,37.3235969543457,41.79877471923828,2028
Ilocos Norte,2025,33.64593505859375,37.65648651123047,43.0306282043457,2028
Ilocos Norte,2026,33.91646957397461,38.34634017944336,44.62314987182617,2028
Ilocos Norte,2027,34.410125732421875,39.25892639160156,46.337425231933594,2028
Ilocos Norte,2028,35.04589080810547,40.28855514526367,48.09423065185547,2028
Ilocos Sur,2023,26.837427139282227,28.701642990112305,30.940948486328125,2028
Ilocos Sur,2024,26.680706024169922,28.629552841186523,31.190032958984375,2028
Ilocos Sur,2025,26.699325561523438,28.860994338989258,31.935302734375,2028
Ilocos Sur,2026,26.892513275146484,29.32648277282715,33.05109405517578,2028
Ilocos Sur,2027,27.242626190185547,29.949466705322266,34.305747985839844,2028
Ilocos Sur,2028,27.66948699951172,30.6054744720459,35.47932434082031,2028
Iloilo,2023,27.648483276367188,29.73917579650879,31.423065185546875,2028
Iloilo,2024,27.35162353515625,29.51003074645996,31.478883743286133,2028
Iloilo,2025,27.119646072387695,29.481107711791992,32.003639221191406,2028
Iloilo,2026,27.134904861450195,29.80146026611328,33.14496612548828,2028
Iloilo,2027,27.319238662719727,30.306711196899414,34.53199768066406,2028
Iloilo,2028,27.58283233642578,30.842042922973633,35.81915283203125,2028
Isabela,2023,40.76091003417969,44.87379837036133,48.825679779052734,2028
Isabela,2024,42.78118133544922,46.836124420166016,51.66150665283203,2028
Isabela,2025,43.30611801147461,47.446048736572266,53.26432418823242,2028
Isabela,2026,43.72957229614258,47.900169372558594,54.33893585205078,2028
Isabela,2027,44.10308074951172,48.31057357788086,55.14146423339844,2028
Isabela,2028,44.40864562988281,48.658294677734375,55.73570251464844,2028
Kalinga,2023,8.856158256530762,11.702412605285645,15.421914100646973,2028
Kalinga,2024,9.081088066101074,12.163755416870117,16.37982749938965,2028
Kalinga,2025,9.441845893859863,12.855507850646973,17.824504852294922,2028
Kalinga,2026,9.998129844665527,13.76395320892334,19.589569091796875,2028
Kalinga,2027,10.62190055847168,14.681073188781738,21.270402908325195,2028
Kalinga,2028,11.194087028503418,15.462923049926758,22.661792755126953,2028
La Union,2023,31.833839416503906,34.53902053833008,36.65238571166992,2028
La Union,2024,31.654638290405273,34.523948669433594,37.12317657470703,2028
La Union,2025,31.669462203979492,34.839927673339844,38.19867706298828,2028
La Union,2026,31.898162841796875,35.41316604614258,39.69704818725586,2028
La Union,2027,32.2832145690918,36.11847686767578,41.286903381347656,2028
La Union,2028,32.72380447387695,36.80738830566406,42.69497299194336,2028
Laguna,2023,23.662769317626953,27.018775939941406,31.41564178466797,2028
Laguna,2024,23.708505630493164,27.275915145874023,32.0964241027832,2028
Laguna,2025,23.225872039794922,26.999496459960938,32.48507308959961,2028
Laguna,2026,22.690526962280273,26.539880752563477,32.62114715576172,2028
Laguna,2027,22.405031204223633,26.251684188842773,32.64301300048828,2028
Laguna,2028,22.319286346435547,26.149694442749023,32.652286529541016,2028
Lanao Del Norte,2023,24.893489837646484,27.213489532470703,29.2619686126709,2028
Lanao Del Norte,2024,25.077917098999023,27.634552001953125,30.257347106933594,2028
Lanao Del Norte,2025,25.20824432373047,28.04205322265625,31.50567054748535,2028
Lanao Del Norte,2026,25.521028518676758,28.641775131225586,33.033935546875,2028
Lanao Del Norte,2027,25.952836990356445,29.327009201049805,34.585147857666016,2028
Lanao Del Norte,2028,26.404083251953125,29.97879409790039,35.95819091796875,2028
Lanao Del Sur,2023,39.622535705566406,42.57044219970703,45.31458282470703,2028
Lanao Del Sur,2024,39.259124755859375,42.4436149597168,46.03907775878906,2028
Lanao Del Sur,2025,39.1541862487793,42.662742614746094,47.246559143066406,2028
Lanao Del Sur,2026,39.42586135864258,43.25883865356445,48.78873062133789,2028
Lanao Del Sur,2027,39.8941764831543,43.987178802490234,50.333045959472656,2028
Lanao Del Sur,2028,40.40983581542969,44.6942138671875,51.70332336425781,2028
Leyte,2023,25.4740047454834,27.91870880126953,31.116674423217773,2028
Leyte,2024,25.44290542602539,28.020061492919922,31.601322174072266,2028
Leyte,2025,25.12543487548828,27.859651565551758,31.967262268066406,2028
Leyte,2026,24.866039276123047,27.660686492919922,32.12889099121094,2028
Leyte,2027,24.754745483398438,27.557708740234375,32.1934928894043,2028
Leyte,2028,24.72627067565918,27.525827407836914,32.22445297241211,2028
Maguindanao,2023,48.77826690673828,53.358585357666016,57.0364875793457,2028
Maguindanao,2024,48.68303680419922,53.621097564697266,58.317630767822266,2028
Maguindanao,2025,48.78189468383789,54.2764892578125,60.40088653564453,2028
Maguindanao,2026,49.26447296142578,55.400596618652344,63.380470275878906,2028
Maguindanao,2027,50.07046127319336,56.815704345703125,66.75775909423828,2028
Maguindanao,2028,51.037437438964844,58.29164123535156,70.01200103759766,2028
Marinduque,2023,14.783863067626953,18.4659423828125,24.252561569213867,2028
Marinduque,2024,15.208784103393555,19.756763458251953,26.801050186157227,2028
Marinduque,2025,14.689715385437012,19.698047637939453,27.854944229125977,2028
Marinduque,2026,14.443333625793457,19.56233024597168,28.265567779541016,2028
Marinduque,2027,14.451018333435059,19.57682991027832,28.507139205932617,2028
Marinduque,2028,14.555686950683594,19.668563842773438,28.67479133605957,2028
Masbate,2023,30.278911590576172,32.72799301147461,36.36351013183594,2028
Masbate,2024,30.162118911743164,33.428001403808594,38.44416046142578,2028
Masbate,2025,30.04108428955078,33.80506134033203,39.86968231201172,2028
Masbate,2026,30.190052032470703,34.292415618896484,41.087947845458984,2028
Masbate,2027,30.449050903320312,34.74209213256836,41.96516418457031,2028
Masbate,2028,30.716150283813477,35.09790802001953,42.549034118652344,2028
Misamis Occidental,2023,25.987688064575195,29.341318130493164,33.73282241821289,2028
Misamis Occidental,2024,25.739158630371094,29.328086853027344,34.292510986328125,2028
Misamis Occidental,2025,25.753549575805664,29.745290756225586,35.54359436035156,2028
Misamis Occidental,2026,25.948101043701172,30.35260581970215,37.06041717529297,2028
Misamis Occidental,2027,26.24785804748535,30.975513458251953,38.43498992919922,2028
Misamis Occidental,2028,26.568979263305664,31.491554260253906,39.45119094848633,2028
Misamis Oriental,2023,25.715646743774414,27.406402587890625,29.61975860595703,2028
Misamis Oriental,2024,25.942718505859375,27.740188598632812,30.08936309814453,2028
Misamis Oriental,2025,25.862035751342773,27.830522537231445,30.432071685791016,2028
Misamis Oriental,2026,25.500682830810547,27.62571144104004,30.680328369140625,2028
Misamis Oriental,2027,24.984485626220703,27.152957916259766,30.68581771850586,2028
Misamis Oriental,2028,24.668535232543945,26.80796241760254,30.569820404052734,2028
Mountain Province,2023,2.8655498027801514,3.5790622234344482,4.487268447875977,2028
Mountain Province,2024,2.9186999797821045,3.6243438720703125,4.525174140930176,2028
Mountain Province,2025,2.900282144546509,3.6279897689819336,4.5619635581970215,2028
Mountain Province,2026,2.8151917457580566,3.5826001167297363,4.620795726776123,2028
Mountain Province,2027,2.665525197982788,3.4644622802734375,4.675404071807861,2028
Mountain Province,2028,2.5433309078216553,3.3490750789642334,4.694840908050537,2028
Negros Occidental,2023,29.86202621459961,32.52958297729492,35.997371673583984,2028
Negros Occidental,2024,29.691190719604492,32.75836944580078,37.218780517578125,2028
Negros Occidental,2025,29.778305053710938,33.32366943359375,38.870975494384766,2028
Negros Occidental,2026,30.06516456604004,34.05131530761719,40.538482666015625,2028
Negros Occidental,2027,30.432884216308594,34.7462158203125,41.93021011352539,2028
Negros Occidental,2028,30.785062789916992,35.305503845214844,42.955543518066406,2028
Negros Oriental,2023,23.54242706298828,25.13227653503418,27.470504760742188,2028
Negros Oriental,2024,23.398250579833984,24.980571746826172,27.54111671447754,2028
Negros Oriental,2025,23.34011459350586,25.00287628173828,27.826950073242188,2028
Negros Oriental,2026,23.357046127319336,25.18145179748535,28.36205291748047,2028
Negros Oriental,2027,23.479232788085938,25.5433349609375,29.186132431030273,2028
Negros Oriental,2028,23.722909927368164,26.05509376525879,30.201745986938477,2028
North Cotabato,2023,18.735925674438477,21.199228286743164,24.0152587890625,2028
North Cotabato,2024,18.374305725097656,21.087596893310547,24.605850219726562,2028
North Cotabato,2025,18.340709686279297,21.493804931640625,26.06753158569336,2028
North Cotabato,2026,18.61325454711914,22.295543670654297,28.116451263427734,2028
North Cotabato,2027,19.05130386352539,23.241518020629883,30.211517333984375,2028
North Cotabato,2028,19.513948440551758,24.091917037963867,31.92691993713379,2028
Northern Samar,2023,27.517824172973633,28.932952880859375,30.802806854248047,2028
Northern Samar,2024,27.214859008789062,28.7106876373291,30.853700637817383,2028
Northern Samar,2025,27.10141372680664,28.689990997314453,31.090532302856445,2028
Northern Samar,2026,27.143014907836914,28.807270050048828,31.41223907470703,2028
Northern Samar,2027,27.23385238647461,28.94131088256836,31.677921295166016,2028
Northern Samar,2028,27.330677032470703,29.055871963500977,31.86811065673828,2028
Nueva Ecija,2023,40.02022933959961,41.75653076171875,43.39255905151367,2028
Nueva Ecija,2024,39.95624923706055,41.90666961669922,44.202064514160156,2028
Nueva Ecija,2025,39.995304107666016,42.149112701416016,45.11519241333008,2028
Nueva Ecija,2026,40.19315719604492,42.52851867675781,46.05714416503906,2028
Nueva Ecija,2027,40.453834533691406,42.932273864746094,46.9014892578125,2028
Nueva Ecija,2028,40.70526123046875,43.291622161865234,47.5927734375,2028
Nueva Vizcaya,2023,16.426698684692383,19.039806365966797,22.768680572509766,2028
Nueva Vizcaya,2024,15.91253662109375,18.597427368164062,22.923538208007812,2028
Nueva Vizcaya,2025,15.94276237487793,18.841705322265625,23.82624626159668,2028
Nueva Vizcaya,2026,16.364803314208984,19.534217834472656,25.17817497253418,2028
Nueva Vizcaya,2027,16.90327262878418,20.318092346191406,26.523447036743164,2028
Nueva Vizcaya,2028,17.4095516204834,21.018373489379883,27.66543197631836,2028
Occidental Mindoro,2023,20.957368850708008,25.243724822998047,29.366188049316406,2028
Occidental Mindoro,2024,20.67863655090332,25.280624389648438,30.095924377441406,2028
Occidental Mindoro,2025,20.942882537841797,25.983989715576172,31.66927146911621,2028
Occidental Mindoro,2026,21.568103790283203,27.048015594482422,33.77969741821289,2028
Occidental Mindoro,2027,22.398494720458984,28.25735855102539,36.01744842529297,2028
Occidental Mindoro,2028,23.233592987060547,29.37908363342285,38.00536346435547,2028
Oriental Mindoro,2023,18.039165496826172,21.693008422851562,26.696170806884766,2028
Oriental Mindoro,2024,17.71111297607422,21.567630767822266,27.20601463317871,2028
Oriental Mindoro,2025,17.835338592529297,22.111562728881836,28.585264205932617,2028
Oriental Mindoro,2026,18.335783004760742,23.13364028930664,30.791259765625,2028
Oriental Mindoro,2027,19.148311614990234,24.476015090942383,33.42881774902344,2028
Oriental Mindoro,2028,20.092117309570312,25.88904571533203,35.96162414550781,2028
Palawan,2023,26.741052627563477,28.320186614990234,30.422449111938477,2028
Palawan,2024,26.51209831237793,28.179107666015625,30.64363670349121,2028
Palawan,2025,26.316102981567383,28.014249801635742,30.752687454223633,2028
Palawan,2026,26.30441665649414,28.009254455566406,30.849159240722656,2028
Palawan,2027,26.366193771362305,28.069721221923828,30.935344696044922,2028
Palawan,2028,26.440052032470703,28.13629913330078,30.998319625854492,2028
Pampanga,2023,42.246917724609375,45.65910339355469,50.43693542480469,2028
Pampanga,2024,41.8323860168457,45.539634704589844,51.26874923706055,2028
Pampanga,2025,41.229835510253906,45.26615905761719,52.06047439575195,2028
Pampanga,2026,41.133201599121094,45.40869140625,52.92519760131836,2028
Pampanga,2027,41.32169723510742,45.74216079711914,53.67810821533203,2028
Pampanga,2028,41.561363220214844,46.070743560791016,54.23810577392578,2028
Pangasinan,2023,39.34479904174805,41.140018463134766,43.0640869140625,2028
Pangasinan,2024,39.254127502441406,41.336143493652344,44.06023025512695,2028
Pangasinan,2025,39.13546371459961,41.455848693847656,44.933773040771484,2028
Pangasinan,2026,39.217525482177734,41.71885681152344,45.729896545410156,2028
Pangasinan,2027,39.39450454711914,42.03131866455078,46.39655303955078,2028
Pangasinan,2028,39.576141357421875,42.31428527832031,46.91361618041992,2028
Quezon,2023,29.034482955932617,31.171476364135742,34.14537048339844,2028
Quezon,2024,28.96303367614746,31.477554321289062,35.26887130737305,2028
Quezon,2025,28.81479263305664,31.555927276611328,35.97926330566406,2028
Quezon,2026,28.83109474182129,31.681148529052734,36.43413162231445,2028
Quezon,2027,28.92693519592285,31.82866859436035,36.735923767089844,2028
Quezon,2028,29.02796173095703,31.956180572509766,36.93157958984375,2028
Quirino,2023,21.352649688720703,25.121917724609375,29.91485023498535,2028
Quirino,2024,21.723831176757812,25.552234649658203,30.35468101501465,2028
Quirino,2025,21.73023796081543,25.673830032348633,30.549156188964844,2028
Quirino,2026,21.602497100830078,25.65721321105957,30.669536590576172,2028
Quirino,2027,21.357940673828125,25.515045166015625,30.819198608398438,2028
Quirino,2028,20.795547485351562,25.079565048217773,31.043354034423828,2028
Rizal,2023,32.677330017089844,35.06787109375,37.607879638671875,2028
Rizal,2024,32.702415466308594,35.400779724121094,38.71885681152344,2028
Rizal,2025,32.81995391845703,35.8167839050293,40.067161560058594,2028
Rizal,2026,33.196773529052734,36.42586135864258,41.51421356201172,2028
Rizal,2027,33.655555725097656,37.05590057373047,42.83307647705078,2028
Rizal,2028,34.09343719482422,37.6305046081543,43.95885467529297,2028
Romblon,2023,27.258556365966797,30.0279483795166,32.504981994628906,2028
Romblon,2024,26.969411849975586,29.900108337402344,32.78146743774414,2028
Romblon,2025,26.861379623413086,30.116897583007812,33.734535217285156,2028
Romblon,2026,27.019039154052734,30.672155380249023,35.34625244140625,2028
Romblon,2027,27.381301879882812,31.439062118530273,37.281707763671875,2028
Romblon,2028,27.836563110351562,32.24332046508789,39.12403869628906,2028
Samar,2023,28.978822708129883,30.473173141479492,32.23412322998047,2028
Samar,2024,29.44686508178711,31.25796127319336,33.80827331542969,2028
Samar,2025,29.779071807861328,32.04074478149414,35.816043853759766,2028
Samar,2026,30.27046012878418,33.119869232177734,38.27092742919922,2028
Samar,2027,30.767026901245117,34.078697204589844,40.19742965698242,2028
Samar,2028,31.14611053466797,34.698280334472656,41.315425872802734,2028
Sarangani,2023,18.993114471435547,22.30704689025879,25.060029983520508,2028
Sarangani,2024,18.611995697021484,22.129865646362305,25.354324340820312,2028
Sarangani,2025,18.566770553588867,22.44904327392578,26.384510040283203,2028
Sarangani,2026,18.80837059020996,23.10498809814453,28.054153442382812,2028
Sarangani,2027,19.28783416748047,23.988082885742188,30.045949935913086,2028
Sarangani,2028,19.868513107299805,24.911914825439453,31.94487762451172,2028
Siquijor,2023,25.03984832763672,29.27550506591797,34.770687103271484,2028
Siquijor,2024,24.425397872924805,28.490619659423828,34.10211181640625,2028
Siquijor,2025,24.27358055114746,28.494319915771484,34.64627456665039,2028
Siquijor,2026,24.480730056762695,29.037017822265625,36.06892395019531,2028
Siquijor,2027,24.86085319519043,29.73867416381836,37.62548065185547,2028
Siquijor,2028,25.273963928222656,30.36754035949707,38.89030075073242,2028
Sorsogon,2023,20.802778244018555,23.479373931884766,27.154544830322266,2028
Sorsogon,2024,20.332395553588867,23.220382690429688,27.62329864501953,2028
Sorsogon,2025,20.065195083618164,23.292613983154297,28.578189849853516,2028
Sorsogon,2026,20.1604061126709,23.718679428100586,29.73424530029297,2028
Sorsogon,2027,20.414695739746094,24.20872688293457,30.72745132446289,2028
Sorsogon,2028,20.698991775512695,24.6314697265625,31.45989227294922,2028
South Cotabato,2023,14.13008975982666,15.859726905822754,18.05560302734375,2028
South Cotabato,2024,14.396292686462402,16.514511108398438,19.76302146911621,2028
South Cotabato,2025,14.339434623718262,16.82088851928711,21.084636688232422,2028
South Cotabato,2026,14.512568473815918,17.30207061767578,22.31682586669922,2028
South Cotabato,2027,14.795194625854492,17.82461166381836,23.37588882446289,2028
South Cotabato,2028,15.084010124206543,18.291889190673828,24.22023582458496,2028
Southern Leyte,2023,20.154937744140625,21.585416793823242,23.312456130981445,2028
Southern Leyte,2024,20.131122589111328,21.641422271728516,23.612220764160156,2028
Southern Leyte,2025,20.207277297973633,21.880706787109375,24.226886749267578,2028
Southern Leyte,2026,20.39577293395996,22.264087677001953,25.107833862304688,2028
Southern Leyte,2027,20.66497802734375,22.721338272094727,26.060251235961914,2028
Southern Leyte,2028,20.950271606445312,23.15764617919922,26.898391723632812,2028
Sultan Kudarat,2023,21.224769592285156,24.987564086914062,28.205493927001953,2028
Sultan Kudarat,2024,21.068910598754883,25.02123260498047,28.818771362304688,2028
Sultan Kudarat,2025,21.18235969543457,25.464143753051758,30.07469940185547,2028
Sultan Kudarat,2026,21.545207977294922,26.21565055847168,31.85204315185547,2028
Sultan Kudarat,2027,22.086200714111328,27.11827278137207,33.78667449951172,2028
Sultan Kudarat,2028,22.681278228759766,28.002140045166016,35.55870819091797,2028
Sulu,2023,38.0068359375,40.73374557495117,43.082244873046875,2028
Sulu,2024,37.938289642333984,40.90423583984375,43.862060546875,2028
Sulu,2025,38.03973388671875,41.34946823120117,45.09761428833008,2028
Sulu,2026,38.35991287231445,42.05064392089844,46.78893280029297,2028
Sulu,2027,38.857818603515625,42.90105056762695,48.66691207885742,2028
Sulu,2028,39.4254150390625,43.75467300415039,50.43946838378906,2028
Surigao Del Norte,2023,23.61903190612793,25.772409439086914,28.778873443603516,2028
Surigao Del Norte,2024,23.59612274169922,25.90534782409668,29.332168579101562,2028
Surigao Del Norte,2025,23.795440673828125,26.37202262878418,30.396879196166992,2028
Surigao Del Norte,2026,24.1979923248291,27.076419830322266,31.79292106628418,2028
Surigao Del Norte,2027,24.729143142700195,27.884368896484375,33.23521423339844,2028
Surigao Del Norte,2028,25.267967224121094,28.63809585571289,34.4934196472168,2028
Surigao Del Sur,2023,29.595792770385742,33.176727294921875,36.22481918334961,2028
Surigao Del Sur,2024,29.148033142089844,32.97482681274414,36.900115966796875,2028
Surigao Del Sur,2025,29.040618896484375,33.2305908203125,38.205711364746094,2028
Surigao Del Sur,2026,29.331687927246094,33.88950729370117,39.861671447753906,2028
Surigao Del Sur,2027,29.818614959716797,34.66796112060547,41.46863555908203,2028
Surigao Del Sur,2028,30.344112396240234,35.39610290527344,42.84297180175781,2028
Tarlac,2023,30.007495880126953,33.812965393066406,38.85804748535156,2028
Tarlac,2024,29.79047203063965,33.73443603515625,39.38185119628906,2028
Tarlac,2025,29.427963256835938,33.418426513671875,39.62419509887695,2028
Tarlac,2026,29.342512130737305,33.279624938964844,39.7464599609375,2028
Tarlac,2027,29.42315101623535,33.290870666503906,39.829063415527344,2028
Tarlac,2028,29.549123764038086,33.354740142822266,39.88038635253906,2028
Tawi-Tawi,2023,28.176433563232422,31.863386154174805,34.72913360595703,2028
Tawi-Tawi,2024,27.649795532226562,31.49395751953125,35.18912887573242,2028
Tawi-Tawi,2025,27.350982666015625,31.516399383544922,36.30445098876953,2028
Tawi-Tawi,2026,27.560096740722656,32.113136291503906,37.96273422241211,2028
Tawi-Tawi,2027,28.049007415771484,32.923301696777344,39.63836669921875,2028
Tawi-Tawi,2028,28.614696502685547,33.71474838256836,41.07392120361328,2028
Zambales,2023,16.52181053161621,17.656951904296875,19.12813949584961,2028
Zambales,2024,16.556875228881836,17.708106994628906,19.151187896728516,2028
Zambales,2025,16.51253318786621,17.696208953857422,19.178794860839844,2028
Zambales,2026,16.39040756225586,17.614015579223633,19.237125396728516,2028
Zambales,2027,16.18883514404297,17.44554901123047,19.302236557006836,2028
Zambales,2028,16.028276443481445,17.2930850982666,19.33173179626465,2028
Zamboanga Del Norte,2023,16.389673233032227,17.57620620727539,19.735336303710938,2028
Zamboanga Del Norte,2024,16.31536865234375,17.52384376525879,19.90230941772461,2028
Zamboanga Del Norte,2025,16.28899383544922,17.576208114624023,20.192415237426758,2028
Zamboanga Del Norte,2026,16.30007553100586,17.71815299987793,20.630340576171875,2028
Zamboanga Del Norte,2027,16.362472534179688,17.964731216430664,21.244611740112305,2028
Zamboanga Del Norte,2028,16.50310707092285,18.32151985168457,22.018604278564453,2028
Zamboanga Del Sur,2023,16.45330810546875,17.698177337646484,19.874284744262695,2028
Zamboanga Del Sur,2024,16.41499900817871,17.78326988220215,20.43395233154297,2028
Zamboanga Del Sur,2025,16.491710662841797,18.0815372467041,21.341787338256836,2028
Zamboanga Del Sur,2026,16.75661277770996,18.641740798950195,22.602506637573242,2028
Zamboanga Del Sur,2027,17.189790725708008,19.360881805419922,23.937335968017578,2028
Zamboanga Del Sur,2028,17.6785831451416,20.06751251220703,25.07537841796875,2028
Zamboanga Sibugay,2023,22.43621826171875,26.170072555541992,31.049915313720703,2028
Zamboanga Sibugay,2024,22.08047103881836,26.111846923828125,31.926170349121094,2028
Zamboanga Sibugay,2025,21.702693939208984,25.946773529052734,32.61105728149414,2028
Zamboanga Sibugay,2026,21.655914306640625,25.99525260925293,33.091793060302734,2028
Zamboanga Sibugay,2027,21.771053314208984,26.14119529724121,33.41456604003906,2028
Zamboanga Sibugay,2028,21.91240692138672,26.285402297973633,33.61582946777344,2028
Abra,2023,35.90726852416992,38.66426467895508,42.02513885498047,2031
Abra,2024,36.058509826660156,39.368553161621094,43.04899597167969,2031
Abra,2025,35.59001922607422,39.266334533691406,42.993568420410156,2031
Abra,2026,35.044700622558594,38.83266830444336,42.4405403137207,2031
Abra,2027,34.735267639160156,38.55174255371094,42.074790954589844,2031
Abra,2028,34.60472106933594,38.45360565185547,41.94916534423828,2031
Abra,2029,34.562381744384766,38.45923614501953,41.96117401123047,2031
Abra,2030,34.55770492553711,38.511505126953125,42.03789138793945,2031
Abra,2031,34.56588363647461,38.5794677734375,42.139549255371094,2031
Agusan Del Norte,2023,17.818458557128906,20.75777244567871,24.30419158935547,2031
Agusan Del Norte,2024,18.577348709106445,21.869667053222656,25.884075164794922,2031
Agusan Del Norte,2025,19.33887481689453,22.947235107421875,27.252120971679688,2031
Agusan Del Norte,2026,19.467477798461914,23.212190628051758,27.486509323120117,2031
Agusan Del Norte,2027,19.223539352416992,23.08261489868164,27.212722778320312,2031
Agusan Del Norte,2028,18.91696548461914,22.84766387939453,26.828115463256836,2031
Agusan Del Norte,2029,18.712051391601562,22.67658042907715,26.566083908081055,2031
Agusan Del Norte,2030,18.595064163208008,22.580677032470703,26.42523193359375,2031
Agusan Del Norte,2031,18.533044815063477,22.53561019897461,26.361347198486328,2031
Agusan Del Sur,2023,21.148366928100586,25.132667541503906,29.010120391845703,2031
Agusan Del Sur,2024,22.017053604125977,26.563474655151367,30.872577667236328,2031
Agusan Del Sur,2025,23.08614158630371,28.517412185668945,33.3576774597168,2031
Agusan Del Sur,2026,23.24730682373047,29.073558807373047,33.961631774902344,2031
Agusan Del Sur,2027,22.891075134277344,28.830245971679688,33.56610107421875,2031
Agusan Del Sur,2028,22.559362411499023,28.538589477539062,33.15916061401367,2031
Agusan Del Sur,2029,22.370853424072266,28.393505096435547,32.968605041503906,2031
Agusan Del Sur,2030,22.281085968017578,28.36064338684082,32.93404006958008,2031
Agusan Del Sur,2031,22.24476432800293,28.3867244720459,32.980377197265625,2031
Aklan,2023,32.384647369384766,34.90665054321289,38.58649444580078,2031
Aklan,2024,33.0197868347168,35.69757080078125,39.111846923828125,2031
Aklan,2025,32.67094802856445,35.67539978027344,38.99472427368164,2031
Aklan,2026,31.8450870513916,35.08403778076172,38.35000991821289,2031
Aklan,2027,31.266874313354492,34.61286926269531,37.83661651611328,2031
Aklan,2028,30.991641998291016,34.39530944824219,37.60384750366211,2031
Aklan,2029,30.86326026916504,34.321380615234375,37.528385162353516,2031
Aklan,2030,30.817079544067383,34.326847076416016,37.534156799316406,2031
Aklan,2031,30.821500778198242,34.37312316894531,37.57894515991211,2031
Albay,2023,20.601238250732422,26.043380737304688,30.850940704345703,2031
Albay,2024,20.902673721313477,27.041549682617188,31.940587997436523,2031
Albay,2025,20.406452178955078,26.795856475830078,31.526548385620117,2031
Albay,2026,19.795724868774414,26.14129066467285,30.684642791748047,2031
Albay,2027,19.49151611328125,25.770830154418945,30.213504791259766,2031
Albay,2028,19.395954132080078,25.66019058227539,30.05678939819336,2031
Albay,2029,19.395320892333984,25.68193244934082,30.061058044433594,2031
Albay,2030,19.431747436523438,25.758411407470703,30.136829376220703,2031
Albay,2031,19.479753494262695,25.85196304321289,30.239049911499023,2031
Antique,2023,26.435152053833008,28.112546920776367,30.354034423828125,2031
Antique,2024,27.3548583984375,29.26264762878418,31.568748474121094,2031
Antique,2025,27.977996826171875,29.95256805419922,32.06601333618164,2031
Antique,2026,27.883251190185547,29.869930267333984,31.845794677734375,2031
Antique,2027,27.513690948486328,29.549898147583008,31.477397918701172,2031
Antique,2028,27.22496795654297,29.301742553710938,31.21656608581543,2031
Antique,2029,27.068523406982422,29.171741485595703,31.081668853759766,2031
Antique,2030,26.990964889526367,29.117456436157227,31.024343490600586,2031
Antique,2031,26.959590911865234,29.106462478637695,31.01021957397461,2031
Apayao,2023,23.863021850585938,26.858455657958984,31.517925262451172,2031
Apayao,2024,25.8604736328125,29.612287521362305,34.61888885498047,2031
Apayao,2025,27.517902374267578,31.611209869384766,36.18266296386719,2031
Apayao,2026,27.362247467041016,31.449661254882812,35.657596588134766,2031
Apayao,2027,26.449642181396484,30.598705291748047,34.662750244140625,2031
Apayao,2028,25.723066329956055,29.951927185058594,33.979148864746094,2031
Apayao,2029,25.333152770996094,29.632171630859375,33.65758514404297,2031
Apayao,2030,25.134366989135742,29.503934860229492,33.5365104675293,2031
Apayao,2031,25.04766273498535,29.48195457458496,33.520530700683594,2031
Aurora,2023,23.850975036621094,28.518085479736328,34.679298400878906,2031
Aurora,2024,26.058795928955078,31.20465850830078,37.14678955078125,2031
Aurora,2025,26.764202117919922,32.264991760253906,37.75062561035156,2031
Aurora,2026,25.75345230102539,31.55879020690918,36.85092544555664,2031
Aurora,2027,24.458744049072266,30.38980484008789,35.52812576293945,2031
Aurora,2028,23.690462112426758,29.659698486328125,34.71635437011719,2031
Aurora,2029,23.322643280029297,29.33205795288086,34.366233825683594,2031
Aurora,2030,23.14392852783203,29.20967674255371,34.24351501464844,2031
Aurora,2031,23.079578399658203,29.203947067260742,34.23957061767578,2031
Basilan,2023,21.607919692993164,24.909772872924805,29.32602310180664,2031
Basilan,2024,24.00122833251953,28.411041259765625,33.49009323120117,2031
Basilan,2025,26.7995548248291,31.854591369628906,36.34315490722656,2031
Basilan,2026,27.310413360595703,32.20655822753906,36.086891174316406,2031
Basilan,2027,25.997066497802734,30.95805549621582,34.82896423339844,2031
Basilan,2028,24.157257080078125,29.376272201538086,33.49999237060547,2031
Basilan,2029,22.888975143432617,28.295040130615234,32.603206634521484,2031
Basilan,2030,22.169647216796875,27.710222244262695,32.13099670410156,2031
Basilan,2031,21.755861282348633,27.419525146484375,31.91804313659668,2031
Bataan,2023,28.440534591674805,31.049299240112305,34.58610534667969,2031
Bataan,2024,29.567920684814453,32.52973175048828,35.86865234375,2031
Bataan,2025,29.513656616210938,32.683937072753906,35.76730728149414,2031
Bataan,2026,28.688907623291016,32.04593276977539,35.090946197509766,2031
Bataan,2027,27.963577270507812,31.456588745117188,34.510986328125,2031
Bataan,2028,27.553146362304688,31.119842529296875,34.18412399291992,2031
Bataan,2029,27.317358016967773,30.945497512817383,34.02510070800781,2031
Bataan,2030,27.177490234375,30.86815071105957,33.964542388916016,2031
Bataan,2031,27.10921859741211,30.855846405029297,33.96476364135742,2031
Batanes,2023,24.301101684570312,27.60966682434082,32.21897506713867,2031
Batanes,2024,26.369529724121094,29.67868995666504,33.598411560058594,2031
Batanes,2025,26.8767147064209,30.396621704101562,33.918968200683594,2031
Batanes,2026,25.971994400024414,29.77212905883789,33.28063201904297,2031
Batanes,2027,24.69744300842285,28.692947387695312,32.26911163330078,2031
Batanes,2028,23.963035583496094,28.05030632019043,31.679744720458984,2031
Batanes,2029,23.65439796447754,27.818016052246094,31.497814178466797,2031
Batanes,2030,23.55375862121582,27.80691146850586,31.528053283691406,2031
Batanes,2031,23.57728385925293,27.915882110595703,31.662633895874023,2031
Batangas,2023,34.7629508972168,37.661128997802734,41.394554138183594,2031
Batangas,2024,35.05473709106445,38.65168380737305,42.57302474975586,2031
Batangas,2025,35.125221252441406,39.1975212097168,43.032432556152344,2031
Batangas,2026,34.89862823486328,39.13686752319336,42.78495788574219,2031
Batangas,2027,34.70643997192383,39.01317596435547,42.53611755371094,2031
Batangas,2028,34.619384765625,38.98831558227539,42.447837829589844,2031
Batangas,2029,34.59626007080078,39.03083419799805,42.46011734008789,2031
Batangas,2030,34.601295471191406,39.099937438964844,42.51621627807617,2031
Batangas,2031,34.616641998291016,39.174434661865234,42.58696746826172,2031
Benguet,2023,6.081573963165283,8.24581241607666,11.419952392578125,2031
Benguet,2024,6.510614395141602,9.10815715789795,12.381587982177734,2031
Benguet,2025,6.534405708312988,9.697591781616211,12.92264461517334,2031
Benguet,2026,5.802259922027588,9.299007415771484,12.379325866699219,2031
Benguet,2027,5.170764923095703,8.743439674377441,11.648276329040527,2031
Benguet,2028,4.871973991394043,8.474380493164062,11.294371604919434,2031
Benguet,2029,4.739837646484375,8.395853042602539,11.186944007873535,2031
Benguet,2030,4.6830010414123535,8.409469604492188,11.193036079406738,2031
Benguet,2031,4.669408798217773,8.466634750366211,11.250907897949219,2031
Biliran,2023,14.959205627441406,18.091703414916992,23.11056900024414,2031
Biliran,2024,16.6900634765625,20.596397399902344,26.212739944458008,2031
Biliran,2025,19.894718170166016,24.869190216064453,30.71166229248047,2031
Biliran,2026,21.589881896972656,26.890491485595703,32.22761154174805,2031
Biliran,2027,20.989492416381836,26.535093307495117,31.63459014892578,2031
Biliran,2028,19.359394073486328,25.12990951538086,30.16476821899414,2031
Biliran,2029,18.216447830200195,24.08258628845215,29.08682632446289,2031
Biliran,2030,17.742603302001953,23.683753967285156,28.69043731689453,2031
Biliran,2031,17.612686157226562,23.648311614990234,28.664648056030273,2031
Bohol,2023,28.042499542236328,28.739490509033203,29.61087417602539,2031
Bohol,2024,28.141475677490234,29.026168823242188,30.01999855041504,2031
Bohol,2025,28.37332534790039,29.555831909179688,30.693201065063477,2031
Bohol,2026,28.45500946044922,29.765060424804688,30.896791458129883,2031
Bohol,2027,28.400833129882812,29.720521926879883,30.792530059814453,2031
Bohol,2028,28.33936309814453,29.646320343017578,30.66854476928711,2031
Bohol,2029,28.30248260498047,29.604333877563477,30.596506118774414,2031
Bohol,2030,28.284276962280273,29.590024948120117,30.565767288208008,2031
Bohol,2031,28.27688980102539,29.59169578552246,30.55894660949707,2031
Bukidnon,2023,17.81095314025879,19.9293270111084,23.43855857849121,2031
Bukidnon,2024,18.275373458862305,20.734825134277344,24.276411056518555,2031
Bukidnon,2025,18.74403190612793,21.504873275756836,24.947429656982422,2031
Bukidnon,2026,18.804370880126953,21.711082458496094,25.00901222229004,2031
Bukidnon,2027,18.7106990814209,21.68732261657715,24.88727569580078,2031
Bukidnon,2028,18.633304595947266,21.65889549255371,24.801483154296875,2031
Bukidnon,2029,18.591033935546875,21.65987777709961,24.768341064453125,2031
Bukidnon,2030,18.570018768310547,21.678508758544922,24.76570701599121,2031
Bukidnon,2031,18.560317993164062,21.704179763793945,24.77707290649414,2031
Bulacan,2023,41.81248092651367,43.67607879638672,46.36226272583008,2031
Bulacan,2024,42.06256103515625,44.44778060913086,47.34626007080078,2031
Bulacan,2025,42.29339599609375,45.14445495605469,48.07568359375,2031
Bulacan,2026,42.1982421875,45.222198486328125,48.01981735229492,2031
Bulacan,2027,42.03264617919922,45.109928131103516,47.78716278076172,2031
Bulacan,2028,41.9228401184082,45.04059982299805,47.650047302246094,2031
Bulacan,2029,41.86416244506836,45.02909851074219,47.60558319091797,2031
Bulacan,2030,41.83317184448242,45.048606872558594,47.610530853271484,2031
Bulacan,2031,41.8157958984375,45.08067321777344,47.63749313354492,2031
Cagayan,2023,27.013790130615234,28.554536819458008,30.828296661376953,2031
Cagayan,2024,27.58751678466797,29.376861572265625,31.753952026367188,2031
Cagayan,2025,28.00334358215332,29.93841552734375,32.20397186279297,2031
Cagayan,2026,27.911420822143555,29.891992568969727,32.04008483886719,2031
Cagayan,2027,27.66263198852539,29.676706314086914,31.762737274169922,2031
Cagayan,2028,27.473676681518555,29.518253326416016,31.577468872070312,2031
Cagayan,2029,27.362422943115234,29.436420440673828,31.48476791381836,2031
Cagayan,2030,27.301860809326172,29.404430389404297,31.448205947875977,2031
Cagayan,2031,27.272947311401367,29.401165008544922,31.442352294921875,2031
Camarines Norte,2023,18.632863998413086,23.247705459594727,27.61227798461914,2031
Camarines Norte,2024,19.413745880126953,24.76877784729004,29.545379638671875,2031
Camarines Norte,2025,20.3765926361084,26.771562576293945,31.874372482299805,2031
Camarines Norte,2026,20.46394157409668,27.30643081665039,32.371646881103516,2031
Camarines Norte,2027,20.08121681213379,26.967098236083984,31.861021041870117,2031
Camarines Norte,2028,19.748729705810547,26.598939895629883,31.378047943115234,2031
Camarines Norte,2029,19.551944732666016,26.39076805114746,31.123981475830078,2031
Camarines Norte,2030,19.445709228515625,26.30445671081543,31.03274154663086,2031
Camarines Norte,2031,19.391691207885742,26.288902282714844,31.032733917236328,2031
Camarines Sur,2023,15.171758651733398,17.621328353881836,20.745649337768555,2031
Camarines Sur,2024,15.323259353637695,18.238712310791016,21.480819702148438,2031
Camarines Sur,2025,15.856961250305176,19.234338760375977,22.433414459228516,2031
Camarines Sur,2026,15.94875717163086,19.555404663085938,22.583337783813477,2031
Camarines Sur,2027,15.75084114074707,19.45712661743164,22.354516983032227,2031
Camarines Sur,2028,15.55451774597168,19.323787689208984,22.139873504638672,2031
Camarines Sur,2029,15.421770095825195,19.247533798217773,22.012500762939453,2031
Camarines Sur,2030,15.339971542358398,19.21990966796875,21.95126724243164,2031
Camarines Sur,2031,15.290617942810059,19.221105575561523,21.929149627685547,2031
Camiguin,2023,15.463459014892578,20.18695640563965,24.928543090820312,2031
Camiguin,2024,16.172353744506836,21.40332794189453,26.476207733154297,2031
Camiguin,2025,17.387893676757812,23.636117935180664,29.21947479248047,2031
Camiguin,2026,18.089994430541992,25.048828125,30.82292366027832,2031
Camiguin,2027,17.802902221679688,24.89761734008789,30.519386291503906,2031
Camiguin,2028,17.19379234313965,24.171072006225586,29.590797424316406,2031
Camiguin,2029,16.766014099121094,23.63284683227539,28.947986602783203,2031
Camiguin,2030,16.562156677246094,23.399677276611328,28.685630798339844,2031
Camiguin,2031,16.498689651489258,23.367145538330078,28.657379150390625,2031
Capiz,2023,19.07821273803711,22.966014862060547,27.09170150756836,2031
Capiz,2024,20.294071197509766,24.9276123046875,29.423715591430664,2031
Capiz,2025,21.240995407104492,26.439176559448242,30.839859008789062,2031
Capiz,2026,20.9093074798584,26.298709869384766,30.55820083618164,2031
Capiz,2027,20.14457130432129,25.54653549194336,29.719348907470703,2031
Capiz,2028,19.631128311157227,24.978824615478516,29.11524200439453,2031
Capiz,2029,19.354562759399414,24.660972595214844,28.79034423828125,2031
Capiz,2030,19.207778930664062,24.504352569580078,28.63966178894043,2031
Capiz,2031,19.140607833862305,24.449129104614258,28.595108032226562,2031
Catanduanes,2023,36.18606185913086,40.80400466918945,45.70531463623047,2031
Catanduanes,2024,37.21820831298828,42.23167419433594,47.28270721435547,2031
Catanduanes,2025,37.36707305908203,43.05701446533203,48.25944519042969,2031
Catanduanes,2026,36.25700759887695,42.45523452758789,47.59089660644531,2031
Catanduanes,2027,35.066307067871094,41.450645446777344,46.432594299316406,2031
Catanduanes,2028,34.439918518066406,40.89109420776367,45.80378341674805,2031
Catanduanes,2029,34.17380142211914,40.685630798339844,45.58414840698242,2031
Catanduanes,2030,34.08367156982422,40.66536331176758,45.570987701416016,2031
Catanduanes,2031,34.081153869628906,40.73358917236328,45.657020568847656,2031
Cavite,2023,35.93895721435547,38.83769607543945,43.03290557861328,2031
Cavite,2024,36.24817657470703,39.68476486206055,43.85759735107422,2031
Cavite,2025,36.14004135131836,39.917449951171875,43.94621658325195,2031
Cavite,2026,35.800201416015625,39.76743698120117,43.6929931640625,2031
Cavite,2027,35.531978607177734,39.6268310546875,43.504451751708984,2031
Cavite,2028,35.37104415893555,39.5752067565918,43.43558120727539,2031
Cavite,2029,35.274452209472656,39.578895568847656,43.43737030029297,2031
Cavite,2030,35.210670471191406,39.60649871826172,43.47124099731445,2031
Cavite,2031,35.16393280029297,39.64204788208008,43.51705551147461,2031
Cebu,2023,32.31501007080078,35.05002212524414,39.398536682128906,2031
Cebu,2024,32.47174072265625,35.69807052612305,40.09830093383789,2031
Cebu,2025,32.72382736206055,36.42639923095703,40.7721061706543,2031
Cebu,2026,32.70893096923828,36.667991638183594,40.884464263916016,2031
Cebu,2027,32.596229553222656,36.69757080078125,40.823081970214844,2031
Cebu,2028,32.512020111083984,36.71718215942383,40.79292297363281,2031
Cebu,2029,32.46394729614258,36.75570297241211,40.80561447143555,2031
Cebu,2030,32.437660217285156,36.803096771240234,40.8397216796875,2031
Cebu,2031,32.42437744140625,36.851470947265625,40.88050842285156,2031
Davao De Oro,2023,14.933963775634766,20.380586624145508,26.113101959228516,2031
Davao De Oro,2024,16.889663696289062,23.335689544677734,29.88416862487793,2031
Davao De Oro,2025,19.307832717895508,27.131465911865234,34.19309997558594,2031
Davao De Oro,2026,19.712688446044922,28.271745681762695,35.32221984863281,2031
Davao De Oro,2027,18.6286678314209,27.556339263916016,34.3658447265625,2031
Davao De Oro,2028,17.426620483398438,26.46756362915039,33.055423736572266,2031
Davao De Oro,2029,16.656330108642578,25.724102020263672,32.197853088378906,2031
Davao De Oro,2030,16.213590621948242,25.303146362304688,31.733661651611328,2031
Davao De Oro,2031,15.970200538635254,25.09459114074707,31.520065307617188,2031
Davao Del Norte,2023,14.258654594421387,17.13144874572754,21.66534423828125,2031
Davao Del Norte,2024,14.631772994995117,18.030010223388672,22.79637908935547,2031
Davao Del Norte,2025,15.68740177154541,19.759450912475586,24.436805725097656,2031
Davao Del Norte,2026,15.819498062133789,20.15365982055664,24.578800201416016,2031
Davao Del Norte,2027,15.443756103515625,19.887460708618164,24.171255111694336,2031
Davao Del Norte,2028,15.090773582458496,19.6138916015625,23.837566375732422,2031
Davao Del Norte,2029,14.878324508666992,19.475439071655273,23.677953720092773,2031
Davao Del Norte,2030,14.76870346069336,19.435195922851562,23.63189697265625,2031
Davao Del Norte,2031,14.719614028930664,19.447162628173828,23.64322280883789,2031
Davao Del Sur,2023,22.460033416748047,24.327796936035156,26.812129974365234,2031
Davao Del Sur,2024,22.98413848876953,25.067584991455078,27.525758743286133,2031
Davao Del Sur,2025,22.858478546142578,25.253372192382812,27.727807998657227,2031
Davao Del Sur,2026,22.295196533203125,24.88330078125,27.345565795898438,2031
Davao Del Sur,2027,21.873210906982422,24.530216217041016,26.955913543701172,2031
Davao Del Sur,2028,21.663738250732422,24.346874237060547,26.75037384033203,2031
Davao Del Sur,2029,21.56162452697754,24.2705135345459,26.66504669189453,2031
Davao Del Sur,2030,21.5208683013916,24.256023406982422,26.646621704101562,2031
Davao Del Sur,2031,21.51679801940918,24.2735538482666,26.661762237548828,2031
Davao Occidental,2023,21.24565887451172,25.55606460571289,31.34414291381836,2031
Davao Occidental,2024,22.430082321166992,27.093923568725586,33.428504943847656,2031
Davao Occidental,2025,23.344223022460938,28.255937576293945,34.778785705566406,2031
Davao Occidental,2026,23.492557525634766,28.554580688476562,35.01158142089844,2031
Davao Occidental,2027,23.04512596130371,28.34429931640625,34.60845947265625,2031
Davao Occidental,2028,22.427574157714844,27.909076690673828,33.87220764160156,2031
Davao Occidental,2029,22.002456665039062,27.558013916015625,33.30518341064453,2031
Davao Occidental,2030,21.753873825073242,27.34113121032715,32.963645935058594,2031
Davao Occidental,2031,21.609928131103516,27.21666717529297,32.76775360107422,2031
Davao Oriental,2023,18.964414596557617,21.265592575073242,25.32940673828125,2031
Davao Oriental,2024,18.595354080200195,21.549972534179688,25.98833465576172,2031
Davao Oriental,2025,19.60399055480957,23.53891944885254,28.295547485351562,2031
Davao Oriental,2026,20.233654022216797,24.601043701171875,29.157434463500977,2031
Davao Oriental,2027,20.022043228149414,24.529132843017578,28.907512664794922,2031
Davao Oriental,2028,19.612117767333984,24.210664749145508,28.505741119384766,2031
Davao Oriental,2029,19.294010162353516,23.976755142211914,28.24073028564453,2031
Davao Oriental,2030,19.099367141723633,23.860984802246094,28.116779327392578,2031
Davao Oriental,2031,18.993003845214844,23.824296951293945,28.079530715942383,2031
Dinagat Islands,2023,20.724924087524414,25.960472106933594,32.583553314208984,2031
Dinagat Islands,2024,21.444080352783203,27.529682159423828,34.60847473144531,2031
Dinagat Islands,2025,23.08477020263672,30.52850341796875,37.97227478027344,2031
Dinagat Islands,2026,23.58021354675293,31.979341506958008,39.30067443847656,2031
Dinagat Islands,2027,22.667219161987305,31.465757369995117,38.47077941894531,2031
Dinagat Islands,2028,21.63791275024414,30.555723190307617,37.30862808227539,2031
Dinagat Islands,2029,21.086009979248047,30.12359046936035,36.76714324951172,2031
Dinagat Islands,2030,20.896547317504883,30.114084243774414,36.71921157836914,2031
Dinagat Islands,2031,20.88671875,30.309574127197266,36.89651870727539,2031
Eastern Samar,2023,30.84556770324707,33.366981506347656,37.21412658691406,2031
Eastern Samar,2024,31.47457504272461,34.177032470703125,38.05467987060547,2031
Eastern Samar,2025,32.57498550415039,35.80819320678711,39.90533447265625,2031
Eastern Samar,2026,33.601417541503906,37.30210876464844,41.344627380371094,2031
Eastern Samar,2027,33.704307556152344,37.60544967651367,41.4588623046875,2031
Eastern Samar,2028,33.3502082824707,37.35869598388672,41.109439849853516,2031
Eastern Samar,2029,33.0520133972168,37.15446472167969,40.87425231933594,2031
Eastern Samar,2030,32.90468978881836,37.10074996948242,40.81624984741211,2031
Eastern Samar,2031,32.857547760009766,37.13969802856445,40.85475158691406,2031
Guimaras,2023,28.80432891845703,32.62221145629883,37.79648971557617,2031
Guimaras,2024,29.67754554748535,33.420711517333984,38.15399932861328,2031
Guimaras,2025,30.235401153564453,34.32598876953125,38.817543029785156,2031
Guimaras,2026,29.81035041809082,34.318321228027344,38.72504425048828,2031
Guimaras,2027,28.81924057006836,33.553794860839844,37.93376922607422,2031
Guimaras,2028,28.024137496948242,32.867774963378906,37.240257263183594,2031
Guimaras,2029,27.56231117248535,32.487606048583984,36.875221252441406,2031
Guimaras,2030,27.308053970336914,32.31609344482422,36.72719192504883,2031
Guimaras,2031,27.183813095092773,32.27116012573242,36.70185089111328,2031
Ifugao,2023,12.858874320983887,15.579939842224121,19.64914321899414,2031
Ifugao,2024,14.049270629882812,17.49203872680664,21.90296173095703,2031
Ifugao,2025,15.00598430633545,19.270965576171875,23.68359375,2031
Ifugao,2026,14.670008659362793,19.19584846496582,23.421794891357422,2031
Ifugao,2027,13.863965034484863,18.36924171447754,22.42123794555664,2031
Ifugao,2028,13.38239860534668,17.84440040588379,21.814483642578125,2031
Ifugao,2029,13.178864479064941,17.64205551147461,21.585128784179688,2031
Ifugao,2030,13.107741355895996,17.606185913085938,21.54306411743164,2031
Ifugao,2031,13.105301856994629,17.65079689025879,21.589969635009766,2031
Ilocos Norte,2023,35.72294235229492,39.14817810058594,43.5973014831543,2031
Ilocos Norte,2024,36.22996520996094,40.553279876708984,45.3339958190918,2031
Ilocos Norte,2025,36.64897918701172,41.84766387939453,46.61138916015625,2031
Ilocos Norte,2026,36.29915237426758,41.813880920410156,46.302608489990234,2031
Ilocos Norte,2027,35.824039459228516,41.426239013671875,45.70206069946289,2031
Ilocos Norte,2028,35.554561614990234,41.22258377075195,45.3985481262207,2031
Ilocos Norte,2029,35.447853088378906,41.198116302490234,45.334327697753906,2031
Ilocos Norte,2030,35.42393112182617,41.2628059387207,45.385257720947266,2031
Ilocos Norte,2031,35.43857192993164,41.36168670654297,45.482295989990234,2031
Ilocos Sur,2023,28.411945343017578,30.59480094909668,34.04791259765625,2031
Ilocos Sur,2024,28.660974502563477,31.393104553222656,34.91313552856445,2031
Ilocos Sur,2025,28.625736236572266,31.750308990478516,35.160762786865234,2031
Ilocos Sur,2026,28.201004028320312,31.534780502319336,34.83195114135742,2031
Ilocos Sur,2027,27.79498863220215,31.263347625732422,34.50517272949219,2031
Ilocos Sur,2028,27.53920555114746,31.11576271057129,34.3406982421875,2031
Ilocos Sur,2029,27.393293380737305,31.063800811767578,34.28672409057617,2031
Ilocos Sur,2030,27.31151008605957,31.062122344970703,34.28781509399414,2031
Ilocos Sur,2031,27.26624870300293,31.083145141601562,34.312889099121094,2031
Iloilo,2023,25.4174861907959,27.143932342529297,29.780244827270508,2031
Iloilo,2024,26.11793327331543,28.187957763671875,30.949125289916992,2031
Iloilo,2025,26.674657821655273,28.943492889404297,31.592411041259766,2031
Iloilo,2026,26.62470817565918,28.959487915039062,31.48834991455078,2031
Iloilo,2027,26.38247299194336,28.760292053222656,31.22687530517578,2031
Iloilo,2028,26.19015121459961,28.60442352294922,31.04144287109375,2031
Iloilo,2029,26.07685089111328,28.523170471191406,30.945274353027344,2031
Iloilo,2030,26.01693344116211,28.49204444885254,30.90559959411621,2031
Iloilo,2031,25.989030838012695,28.489242553710938,30.897186279296875,2031
Isabela,2023,42.05229187011719,45.25615692138672,49.37543869018555,2031
Isabela,2024,42.36483383178711,46.36520004272461,50.958885192871094,2031
Isabela,2025,42.25273895263672,46.80802536010742,51.56244659423828,2031
Isabela,2026,41.82392501831055,46.53293228149414,51.15040588378906,2031
Isabela,2027,41.470638275146484,46.206748962402344,50.67854309082031,2031
Isabela,2028,41.25776290893555,46.021270751953125,50.40982437133789,2031
Isabela,2029,41.13652420043945,45.94189453125,50.29170608520508,2031
Isabela,2030,41.06809997558594,45.922218322753906,50.258399963378906,2031
Isabela,2031,41.02970886230469,45.933895111083984,50.270545959472656,2031
Kalinga,2023,6.6010637283325195,10.11718463897705,15.51346206665039,2031
Kalinga,2024,9.685717582702637,13.779816627502441,19.50200653076172,2031
Kalinga,2025,13.063448905944824,17.53392791748047,22.539012908935547,2031
Kalinga,2026,13.77350902557373,18.19788932800293,22.574533462524414,2031
Kalinga,2027,12.6171875,17.271209716796875,21.67005157470703,2031
Kalinga,2028,10.957080841064453,15.867874145507812,20.358261108398438,2031
Kalinga,2029,9.910590171813965,14.963085174560547,19.484771728515625,2031
Kalinga,2030,9.425885200500488,14.561180114746094,19.099716186523438,2031
Kalinga,2031,9.19083309173584,14.402976989746094,18.955358505249023,2031
La Union,2023,30.509775161743164,32.77539825439453,36.6890869140625,2031
La Union,2024,31.547222137451172,34.44918441772461,38.57630157470703,2031
La Union,2025,32.499481201171875,35.774845123291016,39.63936233520508,2031
La Union,2026,32.34775924682617,35.691951751708984,39.29627990722656,2031
La Union,2027,31.813480377197266,35.20827102661133,38.68840408325195,2031
La Union,2028,31.412208557128906,34.85850143432617,38.294586181640625,2031
La Union,2029,31.185054779052734,34.68475341796875,38.10985565185547,2031
La Union,2030,31.062789916992188,34.618072509765625,38.04283905029297,2031
La Union,2031,31.004398345947266,34.6115837097168,38.03782653808594,2031
Laguna,2023,19.936037063598633,25.047266006469727,30.239442825317383,2031
Laguna,2024,21.170429229736328,26.982852935791016,32.87299346923828,2031
Laguna,2025,21.935270309448242,28.115482330322266,34.1051025390625,2031
Laguna,2026,21.633445739746094,27.956188201904297,33.641212463378906,2031
Laguna,2027,20.988353729248047,27.331642150878906,32.64607238769531,2031
Laguna,2028,20.548521041870117,26.85184097290039,31.93071746826172,2031
Laguna,2029,20.313413619995117,26.585674285888672,31.543865203857422,2031
Laguna,2030,20.19428825378418,26.456138610839844,31.354412078857422,2031
Laguna,2031,20.14663314819336,26.411598205566406,31.282730102539062,2031
Lanao Del Norte,2023,23.8934268951416,25.81475257873535,29.128334045410156,2031
Lanao Del Norte,2024,24.02384376525879,26.25007438659668,29.573566436767578,2031
Lanao Del Norte,2025,24.333580017089844,26.934886932373047,30.23335075378418,2031
Lanao Del Norte,2026,24.447900772094727,27.25973129272461,30.433910369873047,2031
Lanao Del Norte,2027,24.41468048095703,27.31849479675293,30.38486671447754,2031
Lanao Del Norte,2028,24.381954193115234,27.337207794189453,30.334697723388672,2031
Lanao Del Norte,2029,24.376970291137695,27.370895385742188,30.324626922607422,2031
Lanao Del Norte,2030,24.388626098632812,27.414796829223633,30.339008331298828,2031
Lanao Del Norte,2031,24.40769386291504,27.460607528686523,30.36332130432129,2031
Lanao Del Sur,2023,38.08894348144531,40.32865524291992,43.57209396362305,2031
Lanao Del Sur,2024,38.73139190673828,41.303714752197266,44.66020965576172,2031
Lanao Del Sur,2025,39.401710510253906,42.29823684692383,45.60120391845703,2031
Lanao Del Sur,2026,39.5227165222168,42.580997467041016,45.753543853759766,2031
Lanao Del Sur,2027,39.39815139770508,42.547481536865234,45.64313507080078,2031
Lanao Del Sur,2028,39.280208587646484,42.49641799926758,45.55449676513672,2031
Lanao Del Sur,2029,39.21000289916992,42.48358154296875,45.522666931152344,2031
Lanao Del Sur,2030,39.172637939453125,42.49726104736328,45.526180267333984,2031
Lanao Del Sur,2031,39.15383529663086,42.52299499511719,45.54596710205078,2031
Leyte,2023,23.21981430053711,24.595474243164062,26.290327072143555,2031
Leyte,2024,23.833755493164062,25.395244598388672,27.23763084411621,2031
Leyte,2025,24.60903549194336,26.485645294189453,28.457874298095703,2031
Leyte,2026,24.76262092590332,26.90070343017578,28.953794479370117,2031
Leyte,2027,24.434850692749023,26.697959899902344,28.702674865722656,2031
Leyte,2028,24.07265281677246,26.36336898803711,28.300382614135742,2031
Leyte,2029,23.85485076904297,26.144214630126953,28.044151306152344,2031
Leyte,2030,23.740966796875,26.029111862182617,27.913087844848633,2031
Leyte,2031,23.686912536621094,25.97840690612793,27.857419967651367,2031
Maguindanao,2023,46.5395622253418,49.555328369140625,54.852962493896484,2031
Maguindanao,2024,47.416690826416016,50.77033233642578,56.15851593017578,2031
Maguindanao,2025,48.97840881347656,53.151546478271484,58.84751510620117,2031
Maguindanao,2026,50.36212158203125,55.21967697143555,60.794151306152344,2031
Maguindanao,2027,50.480281829833984,55.653682708740234,60.955623626708984,2031
Maguindanao,2028,50.034950256347656,55.374595642089844,60.530426025390625,2031
Maguindanao,2029,49.67508316040039,55.14930725097656,60.248863220214844,2031
Maguindanao,2030,49.50225830078125,55.1078987121582,60.1831169128418,2031
Maguindanao,2031,49.45058059692383,55.17861557006836,60.23503875732422,2031
Marinduque,2023,17.35065460205078,21.74469757080078,27.20824432373047,2031
Marinduque,2024,17.651344299316406,23.204631805419922,29.704200744628906,2031
Marinduque,2025,16.856521606445312,23.18616485595703,29.92982292175293,2031
Marinduque,2026,15.435240745544434,21.993627548217773,28.255529403686523,2031
Marinduque,2027,14.30994987487793,20.705121994018555,26.408000946044922,2031
Marinduque,2028,13.748336791992188,19.983882904052734,25.405376434326172,2031
Marinduque,2029,13.471595764160156,19.635595321655273,24.943592071533203,2031
Marinduque,2030,13.33789348602295,19.504806518554688,24.787246704101562,2031
Marinduque,2031,13.291234970092773,19.50516128540039,24.808692932128906,2031
Masbate,2023,27.763813018798828,29.243099212646484,31.3677978515625,2031
Masbate,2024,28.063682556152344,29.587562561035156,31.817432403564453,2031
Masbate,2025,28.67245864868164,30.456649780273438,32.765777587890625,2031
Masbate,2026,29.096582412719727,31.060466766357422,33.30470657348633,2031
Masbate,2027,29.121234893798828,31.160724639892578,33.32028579711914,2031
Masbate,2028,29.004356384277344,31.08501625061035,33.195411682128906,2031
Masbate,2029,28.900588989257812,31.014665603637695,33.10007858276367,2031
Masbate,2030,28.835338592529297,30.98004722595215,33.05259704589844,2031
Masbate,2031,28.799962997436523,30.972055435180664,33.03712463378906,2031
Misamis Occidental,2023,24.0515193939209,25.99083709716797,28.407371520996094,2031
Misamis Occidental,2024,25.186002731323242,27.453739166259766,30.07351303100586,2031
Misamis Occidental,2025,26.04262351989746,28.435068130493164,30.851566314697266,2031
Misamis Occidental,2026,25.945755004882812,28.318893432617188,30.57937240600586,2031
Misamis Occidental,2027,25.41989517211914,27.825254440307617,30.037931442260742,2031
Misamis Occidental,2028,24.979516983032227,27.426048278808594,29.631328582763672,2031
Misamis Occidental,2029,24.732786178588867,27.212772369384766,29.419742584228516,2031
Misamis Occidental,2030,24.605066299438477,27.118398666381836,29.32951545715332,2031
Misamis Occidental,2031,24.548255920410156,27.09222984313965,29.306568145751953,2031
Misamis Oriental,2023,23.44274139404297,25.443492889404297,27.498485565185547,2031
Misamis Oriental,2024,24.024234771728516,26.36335563659668,28.694637298583984,2031
Misamis Oriental,2025,24.69999885559082,27.506635665893555,30.097888946533203,2031
Misamis Oriental,2026,24.710601806640625,27.7193603515625,30.284076690673828,2031
Misamis Oriental,2027,24.340946197509766,27.397083282470703,29.7951717376709,2031
Misamis Oriental,2028,23.995922088623047,27.030841827392578,29.302255630493164,2031
Misamis Oriental,2029,23.781694412231445,26.789447784423828,28.997533798217773,2031
Misamis Oriental,2030,23.657072067260742,26.64784049987793,28.82838249206543,2031
Misamis Oriental,2031,23.587017059326172,26.569992065429688,28.740816116333008,2031
Mountain Province,2023,2.2044246196746826,3.1576008796691895,4.451254367828369,2031
Mountain Province,2024,2.4941635131835938,3.552518367767334,4.985355377197266,2031
Mountain Province,2025,2.7098193168640137,3.82537579536438,5.298228740692139,2031
Mountain Province,2026,2.7329373359680176,3.8830602169036865,5.335732460021973,2031
Mountain Province,2027,2.6194167137145996,3.8222434520721436,5.228424549102783,2031
Mountain Province,2028,2.4787991046905518,3.714010000228882,5.054411888122559,2031
Mountain Province,2029,2.3906328678131104,3.63420033454895,4.927907466888428,2031
Mountain Province,2030,2.34264874458313,3.588017702102661,4.854325294494629,2031
Mountain Province,2031,2.3171889781951904,3.5634925365448,4.813571929931641,2031
Negros Occidental,2023,26.76941680908203,30.122522354125977,33.23429870605469,2031
Negros Occidental,2024,27.310195922851562,30.85460662841797,34.132930755615234,2031
Negros Occidental,2025,28.174955368041992,32.23674774169922,35.709938049316406,2031
Negros Occidental,2026,28.571393966674805,33.025821685791016,36.48393630981445,2031
Negros Occidental,2027,28.41534423828125,32.999752044677734,36.395267486572266,2031
Negros Occidental,2028,28.16893768310547,32.79206085205078,36.154457092285156,2031
Negros Occidental,2029,28.006282806396484,32.651519775390625,36.00276184082031,2031
Negros Occidental,2030,27.924392700195312,32.59320068359375,35.942481994628906,2031
Negros Occidental,2031,27.892271041870117,32.58564376831055,35.935630798339844,2031
Negros Oriental,2023,24.599191665649414,26.6329345703125,29.744434356689453,2031
Negros Oriental,2024,24.593826293945312,26.978422164916992,30.204557418823242,2031
Negros Oriental,2025,24.8946475982666,27.959325790405273,31.43647003173828,2031
Negros Oriental,2026,25.022916793823242,28.562002182006836,32.035919189453125,2031
Negros Oriental,2027,24.917728424072266,28.657400131225586,32.023536682128906,2031
Negros Oriental,2028,24.798791885375977,28.637678146362305,31.920555114746094,2031
Negros Oriental,2029,24.723447799682617,28.64064598083496,31.879037857055664,2031
Negros Oriental,2030,24.679533004760742,28.67088508605957,31.889698028564453,2031
Negros Oriental,2031,24.65253257751465,28.71373748779297,31.926424026489258,2031
North Cotabato,2023,17.518613815307617,21.87289047241211,26.264013290405273,2031
North Cotabato,2024,18.01593780517578,23.032501220703125,27.70026969909668,2031
North Cotabato,2025,18.430097579956055,24.20601463317871,29.028528213500977,2031
North Cotabato,2026,18.213605880737305,24.368667602539062,29.129352569580078,2031
North Cotabato,2027,17.842376708984375,24.117103576660156,28.783981323242188,2031
North Cotabato,2028,17.610240936279297,23.937917709350586,28.558197021484375,2031
North Cotabato,2029,17.499414443969727,23.879928588867188,28.491962432861328,2031
North Cotabato,2030,17.452640533447266,23.893596649169922,28.518627166748047,2031
North Cotabato,2031,17.43707847595215,23.94088363647461,28.589187622070312,2031
Northern Samar,2023,26.749290466308594,28.008769989013672,29.742351531982422,2031
Northern Samar,2024,26.965892791748047,28.396080017089844,30.2799015045166,2031
Northern Samar,2025,27.31589126586914,29.041730880737305,31.17652130126953,2031
Northern Samar,2026,27.49140167236328,29.437063217163086,31.726337432861328,2031
Northern Samar,2027,27.483966827392578,29.538497924804688,31.86971092224121,2031
Northern Samar,2028,27.433443069458008,29.542926788330078,31.875194549560547,2031
Northern Samar,2029,27.392301559448242,29.540451049804688,31.874231338500977,2031
Northern Samar,2030,27.365196228027344,29.547086715698242,31.889644622802734,2031
Northern Samar,2031,27.347694396972656,29.560344696044922,31.916635513305664,2031
Nueva Ecija,2023,39.99092102050781,41.70458221435547,44.02587890625,2031
Nueva Ecija,2024,40.3539924621582,42.44329833984375,44.99089050292969,2031
Nueva Ecija,2025,40.273895263671875,42.61241912841797,45.194664001464844,2031
Nueva Ecija,2026,39.90001678466797,42.32284927368164,44.802005767822266,2031
Nueva Ecija,2027,39.60322570800781,42.05122756958008,44.44033432006836,2031
Nueva Ecija,2028,39.43391036987305,41.89899826049805,44.2336540222168,2031
Nueva Ecija,2029,39.34402847290039,41.82920837402344,44.132362365722656,2031
Nueva Ecija,2030,39.296939849853516,41.80474853515625,44.09041213989258,2031
Nueva Ecija,2031,39.272857666015625,41.803470611572266,44.08000183105469,2031
Nueva Vizcaya,2023,17.542818069458008,20.3908634185791,24.834217071533203,2031
Nueva Vizcaya,2024,19.096223831176758,22.452720642089844,26.803730010986328,2031
Nueva Vizcaya,2025,19.653892517089844,23.318288803100586,27.292322158813477,2031
Nueva Vizcaya,2026,18.88996124267578,22.744657516479492,26.585472106933594,2031
Nueva Vizcaya,2027,18.000564575195312,21.985963821411133,25.78199577331543,2031
Nueva Vizcaya,2028,17.498472213745117,21.555519104003906,25.336341857910156,2031
Nueva Vizcaya,2029,17.247093200683594,21.365650177001953,25.147724151611328,2031
Nueva Vizcaya,2030,17.120967864990234,21.304004669189453,25.092117309570312,2031
Nueva Vizcaya,2031,17.074615478515625,21.31609344482422,25.10830307006836,2031
Occidental Mindoro,2023,20.86762237548828,23.944744110107422,28.6435604095459,2031
Occidental Mindoro,2024,21.412498474121094,24.98984718322754,29.869831085205078,2031
Occidental Mindoro,2025,22.620832443237305,26.99481201171875,31.904109954833984,2031
Occidental Mindoro,2026,22.98666763305664,27.716598510742188,32.34808349609375,2031
Occidental Mindoro,2027,22.73019027709961,27.572406768798828,32.000213623046875,2031
Occidental Mindoro,2028,22.413345336914062,27.326156616210938,31.657007217407227,2031
Occidental Mindoro,2029,22.19269561767578,27.18291473388672,31.479768753051758,2031
Occidental Mindoro,2030,22.055606842041016,27.129776000976562,31.422374725341797,2031
Occidental Mindoro,2031,21.970718383789062,27.12721061706543,31.427806854248047,2031
Oriental Mindoro,2023,17.770721435546875,23.57102394104004,31.741809844970703,2031
Oriental Mindoro,2024,18.166732788085938,25.10569190979004,33.51756286621094,2031
Oriental Mindoro,2025,19.713010787963867,27.940860748291016,36.26019287109375,2031
Oriental Mindoro,2026,20.080808639526367,28.863582611083984,36.73260498046875,2031
Oriental Mindoro,2027,19.693077087402344,28.663970947265625,36.191162109375,2031
Oriental Mindoro,2028,19.30911636352539,28.38064956665039,35.71426010131836,2031
Oriental Mindoro,2029,19.106189727783203,28.263954162597656,35.4913330078125,2031
Oriental Mindoro,2030,19.040142059326172,28.276784896850586,35.439971923828125,2031
Oriental Mindoro,2031,19.05181884765625,28.356569290161133,35.47566604614258,2031
Palawan,2023,25.600942611694336,27.947317123413086,30.772960662841797,2031
Palawan,2024,26.056787490844727,28.610309600830078,31.70224380493164,2031
Palawan,2025,26.200613021850586,28.861278533935547,31.95286750793457,2031
Palawan,2026,26.012310028076172,28.745540618896484,31.719472885131836,2031
Palawan,2027,25.796642303466797,28.557960510253906,31.403575897216797,2031
Palawan,2028,25.666099548339844,28.43219566345215,31.191608428955078,2031
Palawan,2029,25.600818634033203,28.36786651611328,31.077369689941406,2031
Palawan,2030,25.57522964477539,28.343830108642578,31.02581787109375,2031
Palawan,2031,25.5726375579834,28.342857360839844,31.009963989257812,2031
Pampanga,2023,40.05528259277344,45.06464767456055,49.84507751464844,2031
Pampanga,2024,41.234283447265625,46.94871139526367,52.17027282714844,2031
Pampanga,2025,41.80016326904297,47.982994079589844,53.174739837646484,2031
Pampanga,2026,41.253780364990234,47.716552734375,52.711612701416016,2031
Pampanga,2027,40.49138259887695,47.05714416503906,51.85139465332031,2031
Pampanga,2028,39.99687957763672,46.57326889038086,51.23957824707031,2031
Pampanga,2029,39.71361541748047,46.2912483215332,50.888755798339844,2031
Pampanga,2030,39.55186080932617,46.14231491088867,50.70458221435547,2031
Pampanga,2031,39.46581268310547,46.07848358154297,50.62472915649414,2031
Pangasinan,2023,38.22542190551758,39.357933044433594,41.00562286376953,2031
Pangasinan,2024,38.60796356201172,39.96165466308594,41.676231384277344,2031
Pangasinan,2025,38.83358383178711,40.30624771118164,41.96092224121094,2031
Pangasinan,2026,38.76034927368164,40.28850555419922,41.87583923339844,2031
Pangasinan,2027,38.62214660644531,40.18746566772461,41.73416519165039,2031
Pangasinan,2028,38.5230598449707,40.118507385253906,41.64457702636719,2031
Pangasinan,2029,38.46443176269531,40.08697509765625,41.60232162475586,2031
Pangasinan,2030,38.43095779418945,40.07850646972656,41.58794021606445,2031
Pangasinan,2031,38.41192626953125,40.082275390625,41.58837890625,2031
Quezon,2023,27.435836791992188,31.705766677856445,37.10630416870117,2031
Quezon,2024,27.939512252807617,32.597049713134766,38.3688850402832,2031
Quezon,2025,28.082612991333008,32.97029113769531,38.758544921875,2031
Quezon,2026,27.827239990234375,32.8299560546875,38.46239471435547,2031
Quezon,2027,27.560476303100586,32.608707427978516,38.082115173339844,2031
Quezon,2028,27.40587615966797,32.471885681152344,37.83696746826172,2031
Quezon,2029,27.335412979125977,32.41267395019531,37.710121154785156,2031
Quezon,2030,27.313419342041016,32.399967193603516,37.65513229370117,2031
Quezon,2031,27.317134857177734,32.41071319580078,37.638240814208984,2031
Quirino,2023,20.00885772705078,25.252737045288086,31.779409408569336,2031
Quirino,2024,21.112855911254883,26.798660278320312,33.78490447998047,2031
Quirino,2025,21.26797866821289,27.30819320678711,34.286075592041016,2031
Quirino,2026,20.5542049407959,27.003162384033203,33.807518005371094,2031
Quirino,2027,19.575336456298828,26.299034118652344,32.75680160522461,2031
Quirino,2028,18.929834365844727,25.73141860961914,31.916301727294922,2031
Quirino,2029,18.59061050415039,25.404979705810547,31.44196128845215,2031
Quirino,2030,18.388816833496094,25.21072006225586,31.167102813720703,2031
Quirino,2031,18.270610809326172,25.104293823242188,31.018028259277344,2031
Rizal,2023,32.61928939819336,34.853919982910156,38.145870208740234,2031
Rizal,2024,32.83461380004883,35.40772247314453,38.593257904052734,2031
Rizal,2025,32.49716567993164,35.29267120361328,38.34942626953125,2031
Rizal,2026,32.07875061035156,34.9906005859375,37.9620361328125,2031
Rizal,2027,31.84833526611328,34.828582763671875,37.75703811645508,2031
Rizal,2028,31.760725021362305,34.79657745361328,37.70273971557617,2031
Rizal,2029,31.743724822998047,34.82783889770508,37.720863342285156,2031
Rizal,2030,31.75579833984375,34.88056182861328,37.76584243774414,2031
Rizal,2031,31.777849197387695,34.93638229370117,37.8173713684082,2031
Romblon,2023,25.349714279174805,28.183141708374023,32.10059356689453,2031
Romblon,2024,25.477651596069336,28.612701416015625,32.5564079284668,2031
Romblon,2025,25.67399787902832,29.09923553466797,32.963951110839844,2031
Romblon,2026,25.640758514404297,29.231189727783203,32.97688674926758,2031
Romblon,2027,25.528888702392578,29.207223892211914,32.867698669433594,2031
Romblon,2028,25.460582733154297,29.2001953125,32.81023406982422,2031
Romblon,2029,25.436279296875,29.22800636291504,32.808555603027344,2031
Romblon,2030,25.43448257446289,29.27253532409668,32.83561706542969,2031
Romblon,2031,25.442773818969727,29.32114028930664,32.873348236083984,2031
Samar,2023,28.526697158813477,29.911462783813477,31.812318801879883,2031
Samar,2024,28.81827163696289,30.269498825073242,32.242820739746094,2031
Samar,2025,29.362443923950195,31.045734405517578,33.1002197265625,2031
Samar,2026,29.726829528808594,31.56500244140625,33.56998825073242,2031
Samar,2027,29.73265838623047,31.628555297851562,33.56473922729492,2031
Samar,2028,29.61940574645996,31.545499801635742,33.443241119384766,2031
Samar,2029,29.521474838256836,31.47416877746582,33.352989196777344,2031
Samar,2030,29.459924697875977,31.4382381439209,33.307579040527344,2031
Samar,2031,29.426149368286133,31.42770767211914,33.291587829589844,2031
Sarangani,2023,17.957632064819336,21.388574600219727,25.919597625732422,2031
Sarangani,2024,18.778026580810547,22.71941375732422,27.703765869140625,2031
Sarangani,2025,19.33724594116211,23.69302749633789,28.536781311035156,2031
Sarangani,2026,18.714975357055664,23.30021858215332,28.041099548339844,2031
Sarangani,2027,17.795976638793945,22.540508270263672,27.25100326538086,2031
Sarangani,2028,17.168773651123047,22.01715850830078,26.72467803955078,2031
Sarangani,2029,16.813404083251953,21.748207092285156,26.463115692138672,2031
Sarangani,2030,16.61608123779297,21.633262634277344,26.35891342163086,2031
Sarangani,2031,16.51058578491211,21.602148056030273,26.339359283447266,2031
Siquijor,2023,21.505393981933594,26.144853591918945,31.027191162109375,2031
Siquijor,2024,23.18233299255371,28.839454650878906,34.36955642700195,2031
Siquijor,2025,25.45551109313965,32.98227310180664,39.33884811401367,2031
Siquijor,2026,25.617563247680664,33.77408981323242,40.21826171875,2031
Siquijor,2027,24.309730529785156,32.34043502807617,38.27643966674805,2031
Siquijor,2028,23.171354293823242,30.781452178955078,36.336631774902344,2031
Siquijor,2029,22.581687927246094,29.868316650390625,35.24307632446289,2031
Siquijor,2030,22.295366287231445,29.399616241455078,34.68891143798828,2031
Siquijor,2031,22.169456481933594,29.191364288330078,34.441280364990234,2031
Sorsogon,2023,19.191320419311523,22.926631927490234,27.465957641601562,2031
Sorsogon,2024,20.132457733154297,24.66861915588379,29.935813903808594,2031
Sorsogon,2025,21.03363800048828,26.46755599975586,32.330162048339844,2031
Sorsogon,2026,20.911643981933594,26.828365325927734,32.85345458984375,2031
Sorsogon,2027,20.365432739257812,26.531078338623047,32.53739547729492,2031
Sorsogon,2028,19.908811569213867,26.206157684326172,32.17873001098633,2031
Sorsogon,2029,19.606462478637695,26.000856399536133,31.973222732543945,2031
Sorsogon,2030,19.406465530395508,25.891464233398438,31.88907814025879,2031
Sorsogon,2031,19.268840789794922,25.839832305908203,31.875530242919922,2031
South Cotabato,2023,14.723997116088867,17.673608779907227,22.032989501953125,2031
South Cotabato,2024,15.226240158081055,19.04146957397461,24.241146087646484,2031
South Cotabato,2025,15.253764152526855,19.814470291137695,25.592021942138672,2031
South Cotabato,2026,14.896613121032715,19.798185348510742,25.642168045043945,2031
South Cotabato,2027,14.600967407226562,19.60805892944336,25.337413787841797,2031
South Cotabato,2028,14.448019981384277,19.49593734741211,25.128427505493164,2031
South Cotabato,2029,14.38853931427002,19.4674015045166,25.04317855834961,2031
South Cotabato,2030,14.378985404968262,19.487640380859375,25.03447151184082,2031
South Cotabato,2031,14.393732070922852,19.530567169189453,25.064783096313477,2031
Southern Leyte,2023,20.348751068115234,21.550922393798828,23.807750701904297,2031
Southern Leyte,2024,20.645315170288086,22.057661056518555,24.406381607055664,2031
Southern Leyte,2025,21.21216583251953,22.957231521606445,25.372602462768555,2031
Southern Leyte,2026,21.569360733032227,23.520734786987305,25.852548599243164,2031
Southern Leyte,2027,21.578746795654297,23.615156173706055,25.853614807128906,2031
Southern Leyte,2028,21.486923217773438,23.566974639892578,25.749267578125,2031
Southern Leyte,2029,21.408554077148438,23.524049758911133,25.675630569458008,2031
Southern Leyte,2030,21.358646392822266,23.507991790771484,25.64249038696289,2031
Southern Leyte,2031,21.33003807067871,23.510730743408203,25.6347599029541,2031
Sultan Kudarat,2023,18.60237693786621,22.075843811035156,26.53696060180664,2031
Sultan Kudarat,2024,19.34333038330078,23.056861877441406,27.875886917114258,2031
Sultan Kudarat,2025,20.763273239135742,25.054813385009766,29.669193267822266,2031
Sultan Kudarat,2026,20.901411056518555,25.371938705444336,29.717496871948242,2031
Sultan Kudarat,2027,20.445419311523438,24.977981567382812,29.21328353881836,2031
Sultan Kudarat,2028,20.01864242553711,24.600688934326172,28.800891876220703,2031
Sultan Kudarat,2029,19.760635375976562,24.397567749023438,28.59101104736328,2031
Sultan Kudarat,2030,19.624975204467773,24.320127487182617,28.515869140625,2031
Sultan Kudarat,2031,19.561969757080078,24.312002182006836,28.512054443359375,2031
Sulu,2023,37.261783599853516,39.11890411376953,41.80307388305664,2031
Sulu,2024,37.78721618652344,39.79765701293945,42.532569885253906,2031
Sulu,2025,38.71234893798828,41.16585159301758,44.091243743896484,2031
Sulu,2026,39.58757781982422,42.420799255371094,45.31402587890625,2031
Sulu,2027,39.74269104003906,42.75046157836914,45.521697998046875,2031
Sulu,2028,39.52874755859375,42.64658737182617,45.36021041870117,2031
Sulu,2029,39.32058334350586,42.52876663208008,45.227420806884766,2031
Sulu,2030,39.20092010498047,42.48774719238281,45.18522644042969,2031
Sulu,2031,39.1482048034668,42.501712799072266,45.19956588745117,2031
Surigao Del Norte,2023,24.23952293395996,26.525901794433594,29.982358932495117,2031
Surigao Del Norte,2024,24.60352897644043,26.932594299316406,30.535654067993164,2031
Surigao Del Norte,2025,25.799266815185547,28.707015991210938,32.50953674316406,2031
Surigao Del Norte,2026,26.6136417388916,29.855533599853516,33.47420883178711,2031
Surigao Del Norte,2027,26.5589599609375,29.898473739624023,33.329708099365234,2031
Surigao Del Norte,2028,26.259492874145508,29.645896911621094,32.976444244384766,2031
Surigao Del Norte,2029,26.01517105102539,29.447067260742188,32.73175048828125,2031
Surigao Del Norte,2030,25.87155532836914,29.350770950317383,32.61638641357422,2031
Surigao Del Norte,2031,25.799667358398438,29.3234806060791,32.58041000366211,2031
Surigao Del Sur,2023,26.913787841796875,29.710880279541016,33.45398712158203,2031
Surigao Del Sur,2024,27.669757843017578,30.82425308227539,34.70098114013672,2031
Surigao Del Sur,2025,28.763399124145508,32.379520416259766,36.25727081298828,2031
Surigao Del Sur,2026,29.298904418945312,33.158729553222656,36.85052490234375,2031
Surigao Del Sur,2027,29.249942779541016,33.21683120727539,36.76763916015625,2031
Surigao Del Sur,2028,29.070755004882812,33.10557556152344,36.58580017089844,2031
Surigao Del Sur,2029,28.935321807861328,33.028846740722656,36.47605895996094,2031
Surigao Del Sur,2030,28.855743408203125,33.00339126586914,36.43519973754883,2031
Surigao Del Sur,2031,28.814836502075195,33.01036071777344,36.43425369262695,2031
Tarlac,2023,27.077348709106445,31.680803298950195,37.86871337890625,2031
Tarlac,2024,27.040563583374023,32.23123550415039,38.733802795410156,2031
Tarlac,2025,26.262706756591797,31.69689178466797,37.949188232421875,2031
Tarlac,2026,25.53826904296875,30.97153663635254,36.8270263671875,2031
Tarlac,2027,25.2183780670166,30.630855560302734,36.2537956237793,2031
Tarlac,2028,25.145105361938477,30.5854549407959,36.12113571166992,2031
Tarlac,2029,25.187400817871094,30.684215545654297,36.20963668823242,2031
Tarlac,2030,25.279888153076172,30.840303421020508,36.39320373535156,2031
Tarlac,2031,25.389007568359375,31.008834838867188,36.60438537597656,2031
Tawi-Tawi,2023,28.665313720703125,31.95205307006836,36.59718322753906,2031
Tawi-Tawi,2024,29.61649513244629,33.2331657409668,37.652870178222656,2031
Tawi-Tawi,2025,29.372722625732422,33.287017822265625,37.44889831542969,2031
Tawi-Tawi,2026,28.322769165039062,32.43032455444336,36.510536193847656,2031
Tawi-Tawi,2027,27.47185707092285,31.690685272216797,35.738712310791016,2031
Tawi-Tawi,2028,26.993494033813477,31.278501510620117,35.319522857666016,2031
Tawi-Tawi,2029,26.713891983032227,31.06694984436035,35.120277404785156,2031
Tawi-Tawi,2030,26.545608520507812,30.973617553710938,35.0455207824707,2031
Tawi-Tawi,2031,26.459320068359375,30.957162857055664,35.04468536376953,2031
Zambales,2023,15.44659423828125,16.8516788482666,18.54409408569336,2031
Zambales,2024,15.81202220916748,17.397104263305664,19.31183624267578,2031
Zambales,2025,16.167095184326172,17.91048240661621,19.97332000732422,2031
Zambales,2026,16.20986557006836,18.020679473876953,20.069223403930664,2031
Zambales,2027,16.065690994262695,17.937793731689453,19.900146484375,2031
Zambales,2028,15.898175239562988,17.803539276123047,19.671627044677734,2031
Zambales,2029,15.789554595947266,17.707605361938477,19.519145965576172,2031
Zambales,2030,15.725556373596191,17.652082443237305,19.435264587402344,2031
Zambales,2031,15.689153671264648,17.62420082092285,19.39520263671875,2031
Zamboanga Del Norte,2023,17.475900650024414,19.623291015625,22.798297882080078,2031
Zamboanga Del Norte,2024,17.448591232299805,19.932897567749023,23.189342498779297,2031
Zamboanga Del Norte,2025,17.488252639770508,20.367759704589844,23.69501495361328,2031
Zamboanga Del Norte,2026,17.460176467895508,20.565279006958008,23.84942626953125,2031
Zamboanga Del Norte,2027,17.420804977416992,20.642736434936523,23.874582290649414,2031
Zamboanga Del Norte,2028,17.411052703857422,20.721656799316406,23.933609008789062,2031
Zamboanga Del Norte,2029,17.420848846435547,20.814117431640625,24.031953811645508,2031
Zamboanga Del Norte,2030,17.43718910217285,20.908754348754883,24.147289276123047,2031
Zamboanga Del Norte,2031,17.454225540161133,20.998268127441406,24.264440536499023,2031
Zamboanga Del Sur,2023,16.47958755493164,18.453866958618164,21.488027572631836,2031
Zamboanga Del Sur,2024,16.603025436401367,18.92670440673828,22.190204620361328,2031
Zamboanga Del Sur,2025,17.141475677490234,20.278730392456055,24.13761329650879,2031
Zamboanga Del Sur,2026,17.4814395904541,21.159299850463867,25.292892456054688,2031
Zamboanga Del Sur,2027,17.443246841430664,21.281841278076172,25.381147384643555,2031
Zamboanga Del Sur,2028,17.33332061767578,21.21107292175293,25.226011276245117,2031
Zamboanga Del Sur,2029,17.275646209716797,21.189645767211914,25.162872314453125,2031
Zamboanga Del Sur,2030,17.268936157226562,21.234508514404297,25.20663833618164,2031
Zamboanga Del Sur,2031,17.293319702148438,21.318153381347656,25.31231117248535,2031
Zamboanga Sibugay,2023,16.81952667236328,20.990415573120117,25.851375579833984,2031
Zamboanga Sibugay,2024,17.62755584716797,22.577280044555664,27.925949096679688,2031
Zamboanga Sibugay,2025,19.09132194519043,25.28339958190918,31.204547882080078,2031
Zamboanga Sibugay,2026,19.607873916625977,26.32564926147461,32.33253479003906,2031
Zamboanga Sibugay,2027,19.341772079467773,26.105857849121094,31.919891357421875,2031
Zamboanga Sibugay,2028,18.996257781982422,25.69403076171875,31.330472946166992,2031
Zamboanga Sibugay,2029,18.778011322021484,25.431835174560547,30.966575622558594,2031
Zamboanga Sibugay,2030,18.67057228088379,25.320465087890625,30.80738067626953,2031
Zamboanga Sibugay,2031,18.632259368896484,25.303598403930664,30.77218246459961,2031
